true,prob,confidence,subject_id,dataset
0,0.22913055,1.0,40,combined
0,0.21111383,1.0,40,combined
0,0.19022757,1.0,40,combined
0,0.19555414,1.0,40,combined
0,0.20076492,1.0,40,combined
0,0.20209871,1.0,40,combined
0,0.20067935,1.0,40,combined
0,0.19456026,1.0,40,combined
0,0.18946618,1.0,40,combined
0,0.18975349,1.0,40,combined
0,0.19086908,1.0,40,combined
0,0.19130892,1.0,40,combined
0,0.19805714,1.0,40,combined
0,0.19233263,1.0,40,combined
0,0.19608018,1.0,40,combined
0,0.19883355,1.0,40,combined
0,0.19746444,1.0,40,combined
0,0.19379713,1.0,40,combined
0,0.18985929,1.0,40,combined
0,0.1877126,1.0,40,combined
0,0.18887882,1.0,40,combined
0,0.19031613,1.0,40,combined
0,0.19097044,1.0,40,combined
0,0.19609085,1.0,40,combined
0,0.19170049,1.0,40,combined
0,0.19429028,1.0,40,combined
0,0.19725522,1.0,40,combined
0,0.19839689,1.0,40,combined
0,0.19830957,1.0,40,combined
0,0.23138678,1.0,40,combined
0,0.23129289,1.0,40,combined
0,0.2311246,1.0,40,combined
0,0.23128973,1.0,40,combined
0,0.23128492,1.0,40,combined
0,0.19489999,1.0,40,combined
0,0.23112956,1.0,40,combined
0,0.23132885,1.0,40,combined
0,0.23138906,1.0,40,combined
0,0.2311588,1.0,40,combined
0,0.23127498,1.0,40,combined
0,0.23142545,1.0,40,combined
0,0.23132782,1.0,40,combined
0,0.2313127,1.0,40,combined
0,0.23137793,1.0,40,combined
0,0.23132123,1.0,40,combined
0,0.19399011,1.0,40,combined
0,0.23119617,1.0,40,combined
0,0.23117268,1.0,40,combined
0,0.23113698,1.0,40,combined
0,0.23108935,1.0,40,combined
0,0.23123987,1.0,40,combined
0,0.23129135,1.0,40,combined
0,0.23120816,1.0,40,combined
0,0.23118883,1.0,40,combined
0,0.23133823,1.0,40,combined
0,0.19346318,1.0,40,combined
0,0.19454157,1.0,40,combined
0,0.1951495,1.0,40,combined
0,0.19224921,1.0,40,combined
1,0.6393645,1.0,40,combined
1,0.5228392,1.0,40,combined
1,0.32153824,1.0,40,combined
1,0.68218505,1.0,40,combined
1,0.6944319,1.0,40,combined
1,0.67300165,1.0,40,combined
1,0.6946168,1.0,40,combined
1,0.7149763,1.0,40,combined
1,0.6859116,1.0,40,combined
1,0.6810387,1.0,40,combined
1,0.707345,1.0,40,combined
1,0.47441068,1.0,40,combined
1,0.5618208,1.0,40,combined
1,0.47883284,1.0,40,combined
1,0.43863612,1.0,40,combined
1,0.4369075,1.0,40,combined
1,0.38226268,1.0,40,combined
1,0.25871012,1.0,40,combined
1,0.22945996,1.0,40,combined
1,0.2937115,1.0,40,combined
1,0.34946033,1.0,40,combined
1,0.44607577,1.0,40,combined
1,0.642675,1.0,40,combined
1,0.62774247,1.0,40,combined
1,0.67844605,1.0,40,combined
1,0.6914276,1.0,40,combined
1,0.68849605,1.0,40,combined
1,0.6994427,1.0,40,combined
1,0.6992678,1.0,40,combined
1,0.68760896,1.0,40,combined
1,0.49351302,1.0,40,combined
1,0.4571733,1.0,40,combined
1,0.43483263,1.0,40,combined
1,0.40010095,1.0,40,combined
1,0.33899122,1.0,40,combined
1,0.29601046,1.0,40,combined
1,0.3041012,1.0,40,combined
1,0.3866552,1.0,40,combined
1,0.54831564,1.0,40,combined
1,0.554668,1.0,40,combined
1,0.38836247,1.0,40,combined
1,0.67788625,1.0,40,combined
1,0.7082033,1.0,40,combined
1,0.7266042,1.0,40,combined
1,0.69473946,1.0,40,combined
1,0.69014096,1.0,40,combined
1,0.70810586,1.0,40,combined
1,0.710252,1.0,40,combined
1,0.67265373,1.0,40,combined
1,0.49369606,1.0,40,combined
1,0.3674203,1.0,40,combined
1,0.35374087,1.0,40,combined
1,0.43928924,1.0,40,combined
1,0.49662584,1.0,40,combined
1,0.48833162,1.0,40,combined
1,0.48290667,1.0,40,combined
1,0.45117888,1.0,40,combined
1,0.5782334,1.0,40,combined
1,0.549348,1.0,40,combined
1,0.50614554,1.0,40,combined
1,0.70528394,1.0,40,combined
1,0.6820461,1.0,40,combined
1,0.6825066,1.0,40,combined
1,0.6914484,1.0,40,combined
1,0.6926141,1.0,40,combined
1,0.67916936,1.0,40,combined
1,0.67006886,1.0,40,combined
1,0.66614944,1.0,40,combined
1,0.5613217,1.0,40,combined
1,0.48694625,1.0,40,combined
1,0.43537003,1.0,40,combined
1,0.42360854,1.0,40,combined
1,0.48417732,1.0,40,combined
1,0.44663557,1.0,40,combined
1,0.43162212,1.0,40,combined
1,0.5759343,1.0,40,combined
1,0.45348927,1.0,40,combined
1,0.46297333,1.0,40,combined
1,0.4118935,1.0,40,combined
1,0.7036828,1.0,40,combined
1,0.7070742,1.0,40,combined
1,0.68472785,1.0,40,combined
1,0.68285453,1.0,40,combined
1,0.7077432,1.0,40,combined
1,0.68529284,1.0,40,combined
1,0.64211947,1.0,40,combined
1,0.6661586,1.0,40,combined
1,0.5128983,1.0,40,combined
1,0.4743044,1.0,40,combined
1,0.42150843,1.0,40,combined
1,0.42037502,1.0,40,combined
1,0.4184392,1.0,40,combined
1,0.40548697,1.0,40,combined
1,0.5039295,1.0,40,combined
1,0.58026904,1.0,40,combined
1,0.2545193,1.0,40,combined
1,0.25700814,1.0,40,combined
1,0.2424758,1.0,40,combined
1,0.24220924,1.0,40,combined
1,0.24333121,1.0,40,combined
1,0.23803182,1.0,40,combined
1,0.235815,1.0,40,combined
1,0.23843305,1.0,40,combined
1,0.23939624,1.0,40,combined
1,0.22539015,1.0,40,combined
1,0.22334857,1.0,40,combined
1,0.21847218,1.0,40,combined
1,0.25708908,1.0,40,combined
1,0.2082274,1.0,40,combined
1,0.22714622,1.0,40,combined
1,0.23737828,1.0,40,combined
1,0.23767763,1.0,40,combined
1,0.25591645,1.0,40,combined
1,0.2595821,1.0,40,combined
1,0.25926033,1.0,40,combined
1,0.24566385,1.0,40,combined
1,0.23207192,1.0,40,combined
1,0.2305496,1.0,40,combined
1,0.22497526,1.0,40,combined
1,0.2304684,1.0,40,combined
1,0.23040332,1.0,40,combined
1,0.23042819,1.0,40,combined
1,0.23046869,1.0,40,combined
1,0.23050694,1.0,40,combined
1,0.23061335,1.0,40,combined
1,0.23067063,1.0,40,combined
1,0.23063096,1.0,40,combined
1,0.23049687,1.0,40,combined
1,0.23044237,1.0,40,combined
1,0.21685296,1.0,40,combined
1,0.23055238,1.0,40,combined
1,0.23060444,1.0,40,combined
1,0.23053175,1.0,40,combined
1,0.23052299,1.0,40,combined
1,0.2304895,1.0,40,combined
1,0.23041673,1.0,40,combined
1,0.2304364,1.0,40,combined
1,0.23043504,1.0,40,combined
1,0.23046659,1.0,40,combined
1,0.24071762,1.0,40,combined
1,0.2527101,1.0,40,combined
1,0.25191712,1.0,40,combined
1,0.23328471,1.0,40,combined
1,0.23942915,1.0,40,combined
1,0.59736115,1.0,40,combined
1,0.6044156,1.0,40,combined
1,0.43930972,1.0,40,combined
1,0.67537487,1.0,40,combined
1,0.6940854,1.0,40,combined
1,0.6736217,1.0,40,combined
1,0.64036584,1.0,40,combined
1,0.67302907,1.0,40,combined
1,0.66815823,1.0,40,combined
1,0.6176245,1.0,40,combined
1,0.61858064,1.0,40,combined
1,0.63183045,1.0,40,combined
1,0.6250533,1.0,40,combined
1,0.69625986,1.0,40,combined
1,0.58270407,1.0,40,combined
1,0.3953959,1.0,40,combined
1,0.56082624,1.0,40,combined
1,0.6407359,1.0,40,combined
1,0.514228,1.0,40,combined
1,0.5660463,1.0,40,combined
1,0.5541517,1.0,40,combined
1,0.48362607,1.0,40,combined
1,0.66860163,1.0,40,combined
1,0.6783825,1.0,40,combined
1,0.6878253,1.0,40,combined
1,0.6655841,1.0,40,combined
1,0.6744516,1.0,40,combined
1,0.674174,1.0,40,combined
1,0.67438626,1.0,40,combined
1,0.6888595,1.0,40,combined
1,0.58091766,1.0,40,combined
1,0.61115396,1.0,40,combined
1,0.53619754,1.0,40,combined
1,0.46230137,1.0,40,combined
1,0.47044545,1.0,40,combined
1,0.4648518,1.0,40,combined
1,0.5193334,1.0,40,combined
1,0.52107656,1.0,40,combined
0,0.19500647,1.0,40,combined
0,0.20031792,1.0,40,combined
0,0.22509643,1.0,40,combined
0,0.21672994,1.0,40,combined
0,0.20996356,1.0,40,combined
0,0.21250755,1.0,40,combined
0,0.20570387,1.0,40,combined
0,0.21654546,1.0,40,combined
0,0.23492372,1.0,40,combined
0,0.22222397,1.0,40,combined
0,0.20541659,1.0,40,combined
0,0.20585664,1.0,40,combined
0,0.21253204,1.0,40,combined
0,0.21072964,1.0,40,combined
0,0.21351236,1.0,40,combined
0,0.20786537,1.0,40,combined
0,0.20153336,1.0,40,combined
0,0.2049218,1.0,40,combined
0,0.20312849,1.0,40,combined
0,0.20499668,1.0,40,combined
0,0.20689754,1.0,40,combined
0,0.20325738,1.0,40,combined
0,0.2052184,1.0,40,combined
0,0.21593311,1.0,40,combined
0,0.20472512,1.0,40,combined
0,0.20303062,1.0,40,combined
0,0.19882664,1.0,40,combined
0,0.23082422,1.0,40,combined
0,0.23082866,1.0,40,combined
0,0.2306586,1.0,40,combined
0,0.23058611,1.0,40,combined
0,0.23054217,1.0,40,combined
0,0.23036914,1.0,40,combined
0,0.23042543,1.0,40,combined
0,0.20518138,1.0,40,combined
0,0.23040897,1.0,40,combined
0,0.23049483,1.0,40,combined
0,0.23075093,1.0,40,combined
0,0.23107602,1.0,40,combined
0,0.22982551,1.0,40,combined
0,0.23014146,1.0,40,combined
0,0.23009679,1.0,40,combined
0,0.23020093,1.0,40,combined
0,0.23040125,1.0,40,combined
0,0.230369,1.0,40,combined
0,0.19608302,1.0,40,combined
0,0.2302175,1.0,40,combined
0,0.23064795,1.0,40,combined
0,0.23041177,1.0,40,combined
0,0.23026015,1.0,40,combined
0,0.2302852,1.0,40,combined
0,0.2300862,1.0,40,combined
0,0.22990979,1.0,40,combined
0,0.20155898,1.0,40,combined
0,0.20926547,1.0,40,combined
0,0.2045989,1.0,40,combined
0,0.20858869,1.0,40,combined
1,0.20776398,1.0,40,combined
1,0.21130912,1.0,40,combined
1,0.21725231,1.0,40,combined
1,0.21517052,1.0,40,combined
1,0.21717545,1.0,40,combined
1,0.21767657,1.0,40,combined
1,0.21794161,1.0,40,combined
1,0.22453535,1.0,40,combined
1,0.22339137,1.0,40,combined
1,0.22132719,1.0,40,combined
1,0.2204293,1.0,40,combined
1,0.21418814,1.0,40,combined
1,0.20818661,1.0,40,combined
1,0.21566863,1.0,40,combined
1,0.21290936,1.0,40,combined
1,0.23091868,1.0,40,combined
1,0.23084855,1.0,40,combined
1,0.23085347,1.0,40,combined
1,0.23077518,1.0,40,combined
1,0.23075618,1.0,40,combined
1,0.23069668,1.0,40,combined
1,0.2307378,1.0,40,combined
1,0.23086442,1.0,40,combined
1,0.2056351,1.0,40,combined
1,0.2307978,1.0,40,combined
1,0.23071112,1.0,40,combined
1,0.2308568,1.0,40,combined
1,0.23080766,1.0,40,combined
1,0.23072416,1.0,40,combined
1,0.23088844,1.0,40,combined
1,0.23096795,1.0,40,combined
1,0.23089004,1.0,40,combined
1,0.21976313,1.0,40,combined
1,0.23681577,1.0,40,combined
1,0.22587591,1.0,40,combined
1,0.20967197,1.0,40,combined
1,0.2264571,1.0,40,combined
1,0.23885383,1.0,40,combined
0,0.16438974,1.0,22,combined
0,0.19770978,1.0,22,combined
0,0.19768788,1.0,22,combined
0,0.12439017,1.0,22,combined
0,0.12474583,1.0,22,combined
0,0.12521262,1.0,22,combined
0,0.12574078,1.0,22,combined
0,0.12196244,1.0,22,combined
0,0.1215755,1.0,22,combined
0,0.12761423,1.0,22,combined
0,0.21112844,1.0,22,combined
0,0.20834874,1.0,22,combined
0,0.24250932,1.0,22,combined
0,0.25955373,1.0,22,combined
0,0.26190794,1.0,22,combined
0,0.2687643,1.0,22,combined
0,0.26259783,1.0,22,combined
0,0.2792243,1.0,22,combined
0,0.29695696,1.0,22,combined
0,0.21488391,1.0,22,combined
0,0.3196644,1.0,22,combined
0,0.2847753,1.0,22,combined
0,0.2556346,1.0,22,combined
0,0.27279913,1.0,22,combined
0,0.26483068,1.0,22,combined
0,0.25327894,1.0,22,combined
0,0.25686228,1.0,22,combined
0,0.24618684,1.0,22,combined
0,0.19952078,1.0,22,combined
0,0.17042002,1.0,22,combined
0,0.20752276,1.0,22,combined
0,0.16398604,1.0,22,combined
0,0.16563822,1.0,22,combined
0,0.16149242,1.0,22,combined
0,0.16222267,1.0,22,combined
0,0.15873654,1.0,22,combined
0,0.1438322,1.0,22,combined
0,0.1450849,1.0,22,combined
0,0.14932887,1.0,22,combined
0,0.14804235,1.0,22,combined
0,0.14828394,1.0,22,combined
0,0.20140551,1.0,22,combined
0,0.16929115,1.0,22,combined
0,0.18273333,1.0,22,combined
0,0.16589041,1.0,22,combined
0,0.15806441,1.0,22,combined
0,0.16713277,1.0,22,combined
0,0.17668201,1.0,22,combined
0,0.18314211,1.0,22,combined
0,0.18428394,1.0,22,combined
0,0.17983675,1.0,22,combined
0,0.17149846,1.0,22,combined
0,0.20077835,1.0,22,combined
0,0.16092087,1.0,22,combined
0,0.15301023,1.0,22,combined
0,0.14811075,1.0,22,combined
0,0.14347938,1.0,22,combined
0,0.13769613,1.0,22,combined
0,0.13120766,1.0,22,combined
0,0.12482901,1.0,22,combined
0,0.11996041,1.0,22,combined
0,0.118000716,1.0,22,combined
0,0.11744017,1.0,22,combined
0,0.21342602,1.0,22,combined
0,0.118526995,1.0,22,combined
0,0.12049351,1.0,22,combined
0,0.121289045,1.0,22,combined
0,0.12657554,1.0,22,combined
0,0.13425623,1.0,22,combined
0,0.1361355,1.0,22,combined
0,0.13709144,1.0,22,combined
0,0.13847736,1.0,22,combined
0,0.13929988,1.0,22,combined
0,0.13945273,1.0,22,combined
0,0.23072883,1.0,22,combined
0,0.13881443,1.0,22,combined
0,0.13835722,1.0,22,combined
0,0.13711728,1.0,22,combined
0,0.13428216,1.0,22,combined
0,0.13321604,1.0,22,combined
0,0.13387212,1.0,22,combined
0,0.13489285,1.0,22,combined
0,0.13586776,1.0,22,combined
0,0.13608174,1.0,22,combined
0,0.13535236,1.0,22,combined
0,0.261648,1.0,22,combined
0,0.13502419,1.0,22,combined
0,0.13269281,1.0,22,combined
0,0.13136251,1.0,22,combined
0,0.13475248,1.0,22,combined
0,0.13615878,1.0,22,combined
0,0.13750812,1.0,22,combined
0,0.1400576,1.0,22,combined
0,0.14050364,1.0,22,combined
0,0.14005953,1.0,22,combined
0,0.13897674,1.0,22,combined
0,0.2173019,1.0,22,combined
0,0.13816857,1.0,22,combined
0,0.14006782,1.0,22,combined
0,0.14096686,1.0,22,combined
0,0.13949938,1.0,22,combined
0,0.13705288,1.0,22,combined
0,0.13344723,1.0,22,combined
0,0.13056642,1.0,22,combined
0,0.12802184,1.0,22,combined
0,0.12588826,1.0,22,combined
0,0.12471217,1.0,22,combined
0,0.13610774,1.0,22,combined
0,0.13780193,1.0,22,combined
0,0.15417503,1.0,22,combined
0,0.14065698,1.0,22,combined
0,0.14291492,1.0,22,combined
0,0.1450795,1.0,22,combined
0,0.14493603,1.0,22,combined
0,0.14575636,1.0,22,combined
0,0.14757742,1.0,22,combined
0,0.14876865,1.0,22,combined
0,0.15142289,1.0,22,combined
0,0.15085039,1.0,22,combined
0,0.15185298,1.0,22,combined
0,0.1527869,1.0,22,combined
0,0.15508443,1.0,22,combined
0,0.15686637,1.0,22,combined
0,0.1571817,1.0,22,combined
0,0.15654579,1.0,22,combined
0,0.15467137,1.0,22,combined
0,0.13801904,1.0,22,combined
0,0.15316322,1.0,22,combined
0,0.15253384,1.0,22,combined
0,0.15241247,1.0,22,combined
0,0.1510532,1.0,22,combined
0,0.15270217,1.0,22,combined
0,0.15505448,1.0,22,combined
0,0.15422514,1.0,22,combined
0,0.15367274,1.0,22,combined
0,0.15278746,1.0,22,combined
0,0.15175791,1.0,22,combined
0,0.14353646,1.0,22,combined
0,0.15091112,1.0,22,combined
0,0.15175675,1.0,22,combined
0,0.15428114,1.0,22,combined
0,0.1544099,1.0,22,combined
0,0.15298836,1.0,22,combined
0,0.15294945,1.0,22,combined
0,0.1519188,1.0,22,combined
0,0.14832108,1.0,22,combined
0,0.14531553,1.0,22,combined
0,0.14502458,1.0,22,combined
0,0.15072958,1.0,22,combined
0,0.1477547,1.0,22,combined
0,0.14971504,1.0,22,combined
0,0.15096237,1.0,22,combined
0,0.15398031,1.0,22,combined
0,0.15679011,1.0,22,combined
0,0.15918508,1.0,22,combined
0,0.16061519,1.0,22,combined
0,0.16222152,1.0,22,combined
0,0.1644128,1.0,22,combined
0,0.163873,1.0,22,combined
0,0.15568973,1.0,22,combined
0,0.16316888,1.0,22,combined
0,0.16354926,1.0,22,combined
0,0.16431057,1.0,22,combined
0,0.1631083,1.0,22,combined
0,0.16163635,1.0,22,combined
0,0.16334139,1.0,22,combined
0,0.1634503,1.0,22,combined
0,0.16125281,1.0,22,combined
0,0.15763648,1.0,22,combined
0,0.1542555,1.0,22,combined
0,0.15854058,1.0,22,combined
0,0.15160792,1.0,22,combined
0,0.14843966,1.0,22,combined
0,0.14522308,1.0,22,combined
0,0.14421779,1.0,22,combined
0,0.14593571,1.0,22,combined
0,0.14663017,1.0,22,combined
0,0.14595528,1.0,22,combined
0,0.14635071,1.0,22,combined
0,0.14820634,1.0,22,combined
0,0.14911036,1.0,22,combined
0,0.15891042,1.0,22,combined
0,0.14929035,1.0,22,combined
0,0.15147309,1.0,22,combined
0,0.15380594,1.0,22,combined
0,0.15319245,1.0,22,combined
0,0.15204757,1.0,22,combined
0,0.15349016,1.0,22,combined
0,0.15408202,1.0,22,combined
0,0.15307193,1.0,22,combined
0,0.15390544,1.0,22,combined
0,0.15733466,1.0,22,combined
0,0.15883286,1.0,22,combined
0,0.16113892,1.0,22,combined
0,0.1624876,1.0,22,combined
0,0.16419981,1.0,22,combined
0,0.1666415,1.0,22,combined
0,0.16693762,1.0,22,combined
0,0.16571017,1.0,22,combined
0,0.1638665,1.0,22,combined
0,0.16177352,1.0,22,combined
0,0.15959461,1.0,22,combined
0,0.15747507,1.0,22,combined
0,0.15716124,1.0,22,combined
0,0.15597568,1.0,22,combined
0,0.15111546,1.0,22,combined
0,0.14849144,1.0,22,combined
0,0.14915788,1.0,22,combined
0,0.14768656,1.0,22,combined
0,0.14385045,1.0,22,combined
0,0.1399792,1.0,22,combined
0,0.13945735,1.0,22,combined
0,0.13987082,1.0,22,combined
0,0.14033689,1.0,22,combined
0,0.13575253,1.0,22,combined
0,0.13571171,1.0,22,combined
0,0.12916082,1.0,22,combined
0,0.1562061,1.0,22,combined
0,0.15783545,1.0,22,combined
0,0.15671241,1.0,22,combined
0,0.15461145,1.0,22,combined
0,0.15373646,1.0,22,combined
0,0.15230593,1.0,22,combined
0,0.15189666,1.0,22,combined
0,0.12693042,1.0,22,combined
0,0.12428489,1.0,22,combined
0,0.12179367,1.0,22,combined
0,0.11925189,1.0,22,combined
0,0.11697362,1.0,22,combined
0,0.11543369,1.0,22,combined
0,0.11449464,1.0,22,combined
0,0.113986805,1.0,22,combined
0,0.11351965,1.0,22,combined
0,0.13424267,1.0,22,combined
0,0.11467762,1.0,22,combined
0,0.1177017,1.0,22,combined
0,0.121145405,1.0,22,combined
0,0.124847606,1.0,22,combined
0,0.12877329,1.0,22,combined
0,0.13522302,1.0,22,combined
0,0.14605993,1.0,22,combined
0,0.15684482,1.0,22,combined
0,0.16640033,1.0,22,combined
0,0.17502013,1.0,22,combined
0,0.13299729,1.0,22,combined
0,0.18512735,1.0,22,combined
0,0.19850786,1.0,22,combined
0,0.21094404,1.0,22,combined
0,0.22399049,1.0,22,combined
0,0.23446146,1.0,22,combined
0,0.24205832,1.0,22,combined
0,0.24780619,1.0,22,combined
0,0.24281462,1.0,22,combined
0,0.2287675,1.0,22,combined
0,0.21458171,1.0,22,combined
0,0.13307056,1.0,22,combined
0,0.2034838,1.0,22,combined
0,0.19207509,1.0,22,combined
0,0.1835662,1.0,22,combined
0,0.1806601,1.0,22,combined
0,0.17744644,1.0,22,combined
0,0.17299439,1.0,22,combined
0,0.17020361,1.0,22,combined
0,0.16778366,1.0,22,combined
0,0.16645011,1.0,22,combined
0,0.16425207,1.0,22,combined
0,0.13288842,1.0,22,combined
0,0.16020818,1.0,22,combined
0,0.15706101,1.0,22,combined
0,0.15461032,1.0,22,combined
0,0.15164812,1.0,22,combined
0,0.14810781,1.0,22,combined
0,0.14495753,1.0,22,combined
0,0.1422367,1.0,22,combined
0,0.13982843,1.0,22,combined
0,0.13801573,1.0,22,combined
0,0.13628541,1.0,22,combined
0,0.13283487,1.0,22,combined
0,0.135955,1.0,22,combined
0,0.13935526,1.0,22,combined
0,0.14317158,1.0,22,combined
0,0.14575928,1.0,22,combined
0,0.14665073,1.0,22,combined
0,0.14668873,1.0,22,combined
0,0.14835334,1.0,22,combined
0,0.14986366,1.0,22,combined
0,0.14918043,1.0,22,combined
0,0.14787874,1.0,22,combined
0,0.13226129,1.0,22,combined
0,0.14804374,1.0,22,combined
0,0.14754939,1.0,22,combined
0,0.14485753,1.0,22,combined
0,0.14398801,1.0,22,combined
0,0.1424633,1.0,22,combined
0,0.14068279,1.0,22,combined
0,0.14172153,1.0,22,combined
0,0.14335112,1.0,22,combined
0,0.14239377,1.0,22,combined
0,0.14016233,1.0,22,combined
0,0.13132045,1.0,22,combined
0,0.13900036,1.0,22,combined
0,0.13864845,1.0,22,combined
0,0.13897054,1.0,22,combined
0,0.13897824,1.0,22,combined
0,0.13854037,1.0,22,combined
0,0.13856736,1.0,22,combined
0,0.13863921,1.0,22,combined
0,0.13843662,1.0,22,combined
0,0.13918673,1.0,22,combined
0,0.14064884,1.0,22,combined
0,0.1304099,1.0,22,combined
0,0.14164177,1.0,22,combined
0,0.14260572,1.0,22,combined
0,0.14446644,1.0,22,combined
0,0.14741889,1.0,22,combined
0,0.1485174,1.0,22,combined
0,0.14881219,1.0,22,combined
0,0.15110032,1.0,22,combined
0,0.15311848,1.0,22,combined
0,0.15397176,1.0,22,combined
0,0.15500289,1.0,22,combined
0,0.13006899,1.0,22,combined
0,0.1404896,1.0,22,combined
0,0.14202659,1.0,22,combined
0,0.15154354,1.0,22,combined
0,0.15094575,1.0,22,combined
0,0.14987022,1.0,22,combined
0,0.14664811,1.0,22,combined
0,0.14396042,1.0,22,combined
0,0.14244583,1.0,22,combined
0,0.14004858,1.0,22,combined
0,0.1417648,1.0,22,combined
0,0.14187665,1.0,22,combined
0,0.14130071,1.0,22,combined
0,0.14062001,1.0,22,combined
0,0.14141911,1.0,22,combined
0,0.14160295,1.0,22,combined
0,0.13922407,1.0,22,combined
0,0.13656689,1.0,22,combined
0,0.13647623,1.0,22,combined
0,0.15305221,1.0,22,combined
0,0.13780043,1.0,22,combined
0,0.13895237,1.0,22,combined
0,0.13835861,1.0,22,combined
0,0.13622648,1.0,22,combined
0,0.13382842,1.0,22,combined
0,0.13188401,1.0,22,combined
0,0.13124728,1.0,22,combined
0,0.13182561,1.0,22,combined
0,0.13100113,1.0,22,combined
0,0.13240828,1.0,22,combined
0,0.15352847,1.0,22,combined
0,0.13605575,1.0,22,combined
0,0.14070956,1.0,22,combined
0,0.14547086,1.0,22,combined
0,0.14840272,1.0,22,combined
0,0.14936621,1.0,22,combined
0,0.15066458,1.0,22,combined
0,0.15350921,1.0,22,combined
0,0.156735,1.0,22,combined
0,0.16157998,1.0,22,combined
0,0.16582057,1.0,22,combined
0,0.15265827,1.0,22,combined
0,0.1679759,1.0,22,combined
0,0.16754842,1.0,22,combined
0,0.16521199,1.0,22,combined
0,0.1637043,1.0,22,combined
0,0.16216931,1.0,22,combined
0,0.16131008,1.0,22,combined
0,0.16119738,1.0,22,combined
0,0.16212466,1.0,22,combined
0,0.16412677,1.0,22,combined
0,0.164687,1.0,22,combined
0,0.15152843,1.0,22,combined
0,0.16449855,1.0,22,combined
0,0.16504544,1.0,22,combined
0,0.16662236,1.0,22,combined
0,0.16951789,1.0,22,combined
0,0.17021623,1.0,22,combined
0,0.16792943,1.0,22,combined
0,0.16637188,1.0,22,combined
0,0.16659133,1.0,22,combined
0,0.16553065,1.0,22,combined
0,0.16355804,1.0,22,combined
0,0.15109237,1.0,22,combined
0,0.16282673,1.0,22,combined
0,0.16148508,1.0,22,combined
0,0.16050799,1.0,22,combined
0,0.15890226,1.0,22,combined
0,0.15544762,1.0,22,combined
0,0.15179247,1.0,22,combined
0,0.14764258,1.0,22,combined
0,0.14349146,1.0,22,combined
0,0.1391656,1.0,22,combined
0,0.13545488,1.0,22,combined
0,0.15093355,1.0,22,combined
0,0.13374025,1.0,22,combined
0,0.13309972,1.0,22,combined
0,0.1326932,1.0,22,combined
0,0.13299863,1.0,22,combined
0,0.13414544,1.0,22,combined
0,0.13630645,1.0,22,combined
0,0.13965932,1.0,22,combined
0,0.14196418,1.0,22,combined
0,0.14444327,1.0,22,combined
0,0.14744934,1.0,22,combined
0,0.14853996,1.0,22,combined
0,0.14968666,1.0,22,combined
0,0.15115091,1.0,22,combined
0,0.15070158,1.0,22,combined
0,0.14948536,1.0,22,combined
0,0.14734498,1.0,22,combined
0,0.14466248,1.0,22,combined
0,0.14347188,1.0,22,combined
0,0.14263748,1.0,22,combined
0,0.14155369,1.0,22,combined
0,0.14113626,1.0,22,combined
0,0.14431769,1.0,22,combined
0,0.14122792,1.0,22,combined
0,0.14220873,1.0,22,combined
0,0.14377022,1.0,22,combined
0,0.14556494,1.0,22,combined
0,0.14699043,1.0,22,combined
0,0.14706147,1.0,22,combined
0,0.14732149,1.0,22,combined
0,0.14916036,1.0,22,combined
0,0.15013182,1.0,22,combined
0,0.15112524,1.0,22,combined
0,0.13701208,1.0,22,combined
0,0.1380584,1.0,22,combined
0,0.153161,1.0,22,combined
0,0.16802825,1.0,22,combined
0,0.16697894,1.0,22,combined
0,0.16633572,1.0,22,combined
0,0.1642834,1.0,22,combined
0,0.16221637,1.0,22,combined
0,0.16204157,1.0,22,combined
0,0.16235457,1.0,22,combined
0,0.15073782,1.0,22,combined
0,0.14956063,1.0,22,combined
0,0.15043843,1.0,22,combined
0,0.15149547,1.0,22,combined
0,0.15123005,1.0,22,combined
0,0.15118007,1.0,22,combined
0,0.15316254,1.0,22,combined
0,0.15508758,1.0,22,combined
0,0.15592606,1.0,22,combined
0,0.13878837,1.0,22,combined
0,0.15668914,1.0,22,combined
0,0.15783656,1.0,22,combined
0,0.15982714,1.0,22,combined
0,0.1612081,1.0,22,combined
0,0.16079123,1.0,22,combined
0,0.15956372,1.0,22,combined
0,0.1579716,1.0,22,combined
0,0.15640625,1.0,22,combined
0,0.15492558,1.0,22,combined
0,0.1528327,1.0,22,combined
0,0.14294788,1.0,22,combined
0,0.15033713,1.0,22,combined
0,0.14892872,1.0,22,combined
0,0.14888473,1.0,22,combined
0,0.14864646,1.0,22,combined
0,0.1489139,1.0,22,combined
0,0.14971024,1.0,22,combined
0,0.15120238,1.0,22,combined
0,0.15385346,1.0,22,combined
0,0.15560628,1.0,22,combined
0,0.15606287,1.0,22,combined
0,0.14774595,1.0,22,combined
0,0.15499683,1.0,22,combined
0,0.154236,1.0,22,combined
0,0.15426144,1.0,22,combined
0,0.15357603,1.0,22,combined
0,0.15334001,1.0,22,combined
0,0.15483788,1.0,22,combined
0,0.15638404,1.0,22,combined
0,0.15745789,1.0,22,combined
0,0.15869172,1.0,22,combined
0,0.16083746,1.0,22,combined
0,0.1520066,1.0,22,combined
0,0.16346884,1.0,22,combined
0,0.16496179,1.0,22,combined
0,0.16621365,1.0,22,combined
0,0.16710068,1.0,22,combined
0,0.16637266,1.0,22,combined
0,0.16501983,1.0,22,combined
0,0.1637402,1.0,22,combined
0,0.16290711,1.0,22,combined
0,0.1635685,1.0,22,combined
0,0.16492091,1.0,22,combined
0,0.15509836,1.0,22,combined
0,0.16669843,1.0,22,combined
0,0.1678939,1.0,22,combined
0,0.16884671,1.0,22,combined
0,0.16938668,1.0,22,combined
0,0.16883965,1.0,22,combined
0,0.16820441,1.0,22,combined
0,0.16778092,1.0,22,combined
0,0.16808791,1.0,22,combined
0,0.16910248,1.0,22,combined
0,0.16935565,1.0,22,combined
0,0.15611948,1.0,22,combined
0,0.16886643,1.0,22,combined
0,0.1677555,1.0,22,combined
0,0.16703913,1.0,22,combined
0,0.16705374,1.0,22,combined
0,0.16546665,1.0,22,combined
0,0.1627345,1.0,22,combined
0,0.16130103,1.0,22,combined
0,0.16100433,1.0,22,combined
0,0.16022307,1.0,22,combined
0,0.1589495,1.0,22,combined
0,0.15558279,1.0,22,combined
0,0.15846735,1.0,22,combined
0,0.1604064,1.0,22,combined
0,0.16332376,1.0,22,combined
0,0.16516751,1.0,22,combined
0,0.16604689,1.0,22,combined
0,0.16675182,1.0,22,combined
0,0.16842419,1.0,22,combined
0,0.16961326,1.0,22,combined
0,0.16994013,1.0,22,combined
0,0.1704816,1.0,22,combined
0,0.15459429,1.0,22,combined
0,0.1703687,1.0,22,combined
0,0.17194389,1.0,22,combined
0,0.17428055,1.0,22,combined
0,0.17435004,1.0,22,combined
0,0.17302395,1.0,22,combined
0,0.17217949,1.0,22,combined
0,0.17257315,1.0,22,combined
0,0.17140584,1.0,22,combined
0,0.17019738,1.0,22,combined
0,0.16970019,1.0,22,combined
0,0.1364566,1.0,22,combined
0,0.14014946,1.0,22,combined
0,0.15648057,1.0,22,combined
0,0.17341542,1.0,22,combined
0,0.17369202,1.0,22,combined
0,0.17533706,1.0,22,combined
0,0.17776181,1.0,22,combined
0,0.18088211,1.0,22,combined
0,0.1816429,1.0,22,combined
0,0.18012871,1.0,22,combined
0,0.15769948,1.0,22,combined
0,0.15852934,1.0,22,combined
0,0.16030441,1.0,22,combined
0,0.16338687,1.0,22,combined
0,0.16513026,1.0,22,combined
0,0.16694671,1.0,22,combined
0,0.17049456,1.0,22,combined
0,0.17329477,1.0,22,combined
0,0.1747388,1.0,22,combined
0,0.14496219,1.0,22,combined
0,0.17543587,1.0,22,combined
0,0.17605077,1.0,22,combined
0,0.17634615,1.0,22,combined
0,0.17589064,1.0,22,combined
0,0.17645614,1.0,22,combined
0,0.17671603,1.0,22,combined
0,0.17584492,1.0,22,combined
0,0.17625682,1.0,22,combined
0,0.17602007,1.0,22,combined
0,0.17454197,1.0,22,combined
0,0.14926119,1.0,22,combined
0,0.17297076,1.0,22,combined
0,0.17257808,1.0,22,combined
0,0.17443757,1.0,22,combined
0,0.17615408,1.0,22,combined
0,0.17765321,1.0,22,combined
0,0.17799942,1.0,22,combined
0,0.17461972,1.0,22,combined
0,0.17058536,1.0,22,combined
0,0.16749151,1.0,22,combined
0,0.16325508,1.0,22,combined
0,0.1525537,1.0,22,combined
0,0.15913375,1.0,22,combined
0,0.15627241,1.0,22,combined
0,0.15629017,1.0,22,combined
0,0.15736957,1.0,22,combined
0,0.1567434,1.0,22,combined
0,0.15726556,1.0,22,combined
0,0.15819097,1.0,22,combined
0,0.15871127,1.0,22,combined
0,0.15944737,1.0,22,combined
0,0.15994908,1.0,22,combined
0,0.15468514,1.0,22,combined
0,0.16094199,1.0,22,combined
0,0.16193005,1.0,22,combined
0,0.16408196,1.0,22,combined
0,0.16595219,1.0,22,combined
0,0.16639182,1.0,22,combined
0,0.16589938,1.0,22,combined
0,0.16515112,1.0,22,combined
0,0.1646391,1.0,22,combined
0,0.16350159,1.0,22,combined
0,0.16302244,1.0,22,combined
0,0.15618087,1.0,22,combined
0,0.16369344,1.0,22,combined
0,0.16541563,1.0,22,combined
0,0.16731186,1.0,22,combined
0,0.16882363,1.0,22,combined
0,0.16981243,1.0,22,combined
0,0.17089574,1.0,22,combined
0,0.17190252,1.0,22,combined
0,0.17153305,1.0,22,combined
0,0.17113547,1.0,22,combined
0,0.17001714,1.0,22,combined
0,0.15643205,1.0,22,combined
0,0.16792317,1.0,22,combined
0,0.16697267,1.0,22,combined
0,0.16768937,1.0,22,combined
0,0.16850789,1.0,22,combined
0,0.16862142,1.0,22,combined
0,0.16914235,1.0,22,combined
0,0.16966742,1.0,22,combined
0,0.16953579,1.0,22,combined
0,0.16900381,1.0,22,combined
0,0.17136237,1.0,22,combined
0,0.15547812,1.0,22,combined
0,0.17593393,1.0,22,combined
0,0.17861138,1.0,22,combined
0,0.17884949,1.0,22,combined
0,0.1778146,1.0,22,combined
0,0.17843437,1.0,22,combined
0,0.17824191,1.0,22,combined
0,0.17526568,1.0,22,combined
0,0.17121166,1.0,22,combined
0,0.16948551,1.0,22,combined
0,0.17071654,1.0,22,combined
0,0.15541834,1.0,22,combined
0,0.17089827,1.0,22,combined
0,0.16963102,1.0,22,combined
0,0.16837496,1.0,22,combined
0,0.16928428,1.0,22,combined
0,0.17188624,1.0,22,combined
0,0.17353682,1.0,22,combined
0,0.17503907,1.0,22,combined
0,0.1752366,1.0,22,combined
0,0.17376311,1.0,22,combined
0,0.17334262,1.0,22,combined
0,0.14006299,1.0,22,combined
0,0.14361653,1.0,22,combined
0,0.16347696,1.0,22,combined
0,0.16991043,1.0,22,combined
0,0.17050149,1.0,22,combined
0,0.17138343,1.0,22,combined
0,0.1714633,1.0,22,combined
0,0.17055623,1.0,22,combined
0,0.1709259,1.0,22,combined
0,0.17219546,1.0,22,combined
0,0.16408084,1.0,22,combined
0,0.16265924,1.0,22,combined
0,0.16305059,1.0,22,combined
0,0.16438934,1.0,22,combined
0,0.16478431,1.0,22,combined
0,0.16397046,1.0,22,combined
0,0.16474983,1.0,22,combined
0,0.16657469,1.0,22,combined
0,0.16663878,1.0,22,combined
0,0.14634246,1.0,22,combined
0,0.16874954,1.0,22,combined
0,0.1704067,1.0,22,combined
0,0.16798595,1.0,22,combined
0,0.16672294,1.0,22,combined
0,0.16770265,1.0,22,combined
0,0.16835007,1.0,22,combined
0,0.16757815,1.0,22,combined
0,0.16613306,1.0,22,combined
0,0.16869383,1.0,22,combined
0,0.17027698,1.0,22,combined
0,0.14816834,1.0,22,combined
0,0.16741855,1.0,22,combined
0,0.16488293,1.0,22,combined
0,0.16243115,1.0,22,combined
0,0.16113244,1.0,22,combined
0,0.15941645,1.0,22,combined
0,0.15693797,1.0,22,combined
0,0.15466447,1.0,22,combined
0,0.15277578,1.0,22,combined
0,0.15283825,1.0,22,combined
0,0.15317178,1.0,22,combined
0,0.15134916,1.0,22,combined
0,0.15341139,1.0,22,combined
0,0.15391603,1.0,22,combined
0,0.15577835,1.0,22,combined
0,0.15844844,1.0,22,combined
0,0.15975367,1.0,22,combined
0,0.16096473,1.0,22,combined
0,0.163683,1.0,22,combined
0,0.16741857,1.0,22,combined
0,0.16963328,1.0,22,combined
0,0.16980717,1.0,22,combined
0,0.15543574,1.0,22,combined
0,0.17029265,1.0,22,combined
0,0.17094274,1.0,22,combined
0,0.1718593,1.0,22,combined
0,0.17166598,1.0,22,combined
0,0.17062847,1.0,22,combined
0,0.1715076,1.0,22,combined
0,0.17145592,1.0,22,combined
0,0.17033695,1.0,22,combined
0,0.16860117,1.0,22,combined
0,0.16695565,1.0,22,combined
0,0.15782669,1.0,22,combined
0,0.16603807,1.0,22,combined
0,0.16463523,1.0,22,combined
0,0.16332623,1.0,22,combined
0,0.16226855,1.0,22,combined
0,0.1619529,1.0,22,combined
0,0.16233309,1.0,22,combined
0,0.16316305,1.0,22,combined
0,0.16538323,1.0,22,combined
0,0.16905601,1.0,22,combined
0,0.17203718,1.0,22,combined
0,0.15743905,1.0,22,combined
0,0.17292523,1.0,22,combined
0,0.17200251,1.0,22,combined
0,0.17003344,1.0,22,combined
0,0.16838218,1.0,22,combined
0,0.16768272,1.0,22,combined
0,0.16862457,1.0,22,combined
0,0.1698512,1.0,22,combined
0,0.17082757,1.0,22,combined
0,0.17225094,1.0,22,combined
0,0.17222375,1.0,22,combined
0,0.15721396,1.0,22,combined
0,0.17086858,1.0,22,combined
0,0.169643,1.0,22,combined
0,0.16905199,1.0,22,combined
0,0.16825694,1.0,22,combined
0,0.16621813,1.0,22,combined
0,0.16666411,1.0,22,combined
0,0.1689516,1.0,22,combined
0,0.16878326,1.0,22,combined
0,0.16859049,1.0,22,combined
0,0.1706296,1.0,22,combined
0,0.15989223,1.0,22,combined
0,0.17498271,1.0,22,combined
0,0.17787658,1.0,22,combined
0,0.17815258,1.0,22,combined
0,0.17855325,1.0,22,combined
0,0.17770404,1.0,22,combined
0,0.17512943,1.0,22,combined
0,0.17143692,1.0,22,combined
0,0.16927284,1.0,22,combined
0,0.16953309,1.0,22,combined
0,0.16961038,1.0,22,combined
0,0.13774735,1.0,22,combined
0,0.13665898,1.0,22,combined
0,0.14528732,1.0,22,combined
0,0.14856803,1.0,22,combined
0,0.15206142,1.0,22,combined
0,0.15609404,1.0,22,combined
0,0.16068518,1.0,22,combined
0,0.1647661,1.0,22,combined
0,0.1668514,1.0,22,combined
0,0.1686569,1.0,22,combined
0,0.14496772,1.0,22,combined
0,0.14580199,1.0,22,combined
0,0.14559135,1.0,22,combined
0,0.14549498,1.0,22,combined
0,0.14585678,1.0,22,combined
0,0.14525728,1.0,22,combined
0,0.14494365,1.0,22,combined
0,0.14471675,1.0,22,combined
0,0.14433497,1.0,22,combined
0,0.13397175,1.0,22,combined
0,0.14430481,1.0,22,combined
0,0.14468396,1.0,22,combined
0,0.14530766,1.0,22,combined
0,0.14424832,1.0,22,combined
0,0.14297304,1.0,22,combined
0,0.14231472,1.0,22,combined
0,0.14155817,1.0,22,combined
0,0.14051944,1.0,22,combined
0,0.13982183,1.0,22,combined
0,0.1399089,1.0,22,combined
0,0.13319106,1.0,22,combined
0,0.1395351,1.0,22,combined
0,0.13941683,1.0,22,combined
0,0.14077368,1.0,22,combined
0,0.14259145,1.0,22,combined
0,0.14425622,1.0,22,combined
0,0.14551277,1.0,22,combined
0,0.14801024,1.0,22,combined
0,0.15217482,1.0,22,combined
0,0.15520504,1.0,22,combined
0,0.15630987,1.0,22,combined
0,0.13471158,1.0,22,combined
0,0.15668547,1.0,22,combined
0,0.15693538,1.0,22,combined
0,0.15616879,1.0,22,combined
0,0.15315886,1.0,22,combined
0,0.14991476,1.0,22,combined
0,0.1472747,1.0,22,combined
0,0.14390299,1.0,22,combined
0,0.1408292,1.0,22,combined
0,0.13775623,1.0,22,combined
0,0.13429947,1.0,22,combined
0,0.13785371,1.0,22,combined
0,0.13202065,1.0,22,combined
0,0.13130967,1.0,22,combined
0,0.13205825,1.0,22,combined
0,0.1336738,1.0,22,combined
0,0.13500182,1.0,22,combined
0,0.1377706,1.0,22,combined
0,0.14172971,1.0,22,combined
0,0.1453866,1.0,22,combined
0,0.14776644,1.0,22,combined
0,0.14830248,1.0,22,combined
0,0.14072019,1.0,22,combined
0,0.14899887,1.0,22,combined
0,0.149852,1.0,22,combined
0,0.1492288,1.0,22,combined
0,0.1476053,1.0,22,combined
0,0.14583066,1.0,22,combined
0,0.14420322,1.0,22,combined
0,0.14272211,1.0,22,combined
0,0.14097098,1.0,22,combined
0,0.14017674,1.0,22,combined
0,0.14077416,1.0,22,combined
0,0.14300914,1.0,22,combined
0,0.14059648,1.0,22,combined
0,0.14085802,1.0,22,combined
0,0.14188924,1.0,22,combined
0,0.14211409,1.0,22,combined
0,0.14148213,1.0,22,combined
0,0.1403776,1.0,22,combined
0,0.14022914,1.0,22,combined
0,0.14064935,1.0,22,combined
0,0.14005046,1.0,22,combined
0,0.14031744,1.0,22,combined
0,0.14456347,1.0,22,combined
0,0.14094055,1.0,22,combined
0,0.14029044,1.0,22,combined
0,0.14000453,1.0,22,combined
0,0.13980798,1.0,22,combined
0,0.13997339,1.0,22,combined
0,0.1412099,1.0,22,combined
0,0.14260308,1.0,22,combined
0,0.1438525,1.0,22,combined
0,0.14475389,1.0,22,combined
0,0.14553021,1.0,22,combined
0,0.14561601,1.0,22,combined
0,0.14597026,1.0,22,combined
0,0.14485125,1.0,22,combined
0,0.14303704,1.0,22,combined
0,0.14344893,1.0,22,combined
0,0.14541203,1.0,22,combined
0,0.14626433,1.0,22,combined
0,0.145533,1.0,22,combined
0,0.14369835,1.0,22,combined
0,0.14352858,1.0,22,combined
0,0.14529552,1.0,22,combined
1,0.36421838,1.0,55,combined
1,0.40664092,1.0,55,combined
1,0.3861201,1.0,55,combined
1,0.39904785,1.0,55,combined
1,0.39370412,1.0,55,combined
1,0.38634616,1.0,55,combined
1,0.37451562,1.0,55,combined
1,0.39083114,1.0,55,combined
1,0.3856728,1.0,55,combined
1,0.37899953,1.0,55,combined
1,0.39588016,1.0,55,combined
1,0.3749201,1.0,55,combined
1,0.39558396,1.0,55,combined
1,0.3876062,1.0,55,combined
1,0.3801293,1.0,55,combined
1,0.37639666,1.0,55,combined
1,0.37772974,1.0,55,combined
1,0.36820596,1.0,55,combined
1,0.35494977,1.0,55,combined
1,0.37264264,1.0,55,combined
1,0.38792592,1.0,55,combined
1,0.36788365,1.0,55,combined
1,0.36340073,1.0,55,combined
1,0.37623456,1.0,55,combined
1,0.39208448,1.0,55,combined
1,0.37773997,1.0,55,combined
1,0.37769985,1.0,55,combined
1,0.39954972,1.0,55,combined
1,0.38674256,1.0,55,combined
1,0.25330937,1.0,55,combined
1,0.25206885,1.0,55,combined
1,0.25139767,1.0,55,combined
1,0.2522133,1.0,55,combined
1,0.25184697,1.0,55,combined
1,0.37355888,1.0,55,combined
1,0.25155896,1.0,55,combined
1,0.2513581,1.0,55,combined
1,0.25155875,1.0,55,combined
1,0.25309005,1.0,55,combined
1,0.2516541,1.0,55,combined
1,0.25211343,1.0,55,combined
1,0.25394115,1.0,55,combined
1,0.253078,1.0,55,combined
1,0.2536623,1.0,55,combined
1,0.25397798,1.0,55,combined
1,0.366669,1.0,55,combined
1,0.2552594,1.0,55,combined
1,0.25836256,1.0,55,combined
1,0.25862506,1.0,55,combined
1,0.2579389,1.0,55,combined
1,0.25970936,1.0,55,combined
1,0.26084194,1.0,55,combined
1,0.26018193,1.0,55,combined
1,0.25980684,1.0,55,combined
1,0.26064846,1.0,55,combined
1,0.42813447,1.0,55,combined
1,0.4413108,1.0,55,combined
1,0.41142362,1.0,55,combined
1,0.40189457,1.0,55,combined
1,0.71718395,1.0,55,combined
1,0.7268902,1.0,55,combined
1,0.76398945,1.0,55,combined
1,0.6565923,1.0,55,combined
1,0.6598635,1.0,55,combined
1,0.6631385,1.0,55,combined
1,0.65944225,1.0,55,combined
1,0.6707319,1.0,55,combined
1,0.6784778,1.0,55,combined
1,0.6724432,1.0,55,combined
1,0.66359705,1.0,55,combined
1,0.7085012,1.0,55,combined
1,0.693083,1.0,55,combined
1,0.7008856,1.0,55,combined
1,0.75989467,1.0,55,combined
1,0.7843396,1.0,55,combined
1,0.7518272,1.0,55,combined
1,0.77867,1.0,55,combined
1,0.7914846,1.0,55,combined
1,0.68799376,1.0,55,combined
1,0.7001877,1.0,55,combined
1,0.7423436,1.0,55,combined
1,0.6744707,1.0,55,combined
1,0.6796269,1.0,55,combined
1,0.69595146,1.0,55,combined
1,0.67716813,1.0,55,combined
1,0.6651442,1.0,55,combined
1,0.6709958,1.0,55,combined
1,0.67243123,1.0,55,combined
1,0.6680161,1.0,55,combined
1,0.69422233,1.0,55,combined
1,0.70481265,1.0,55,combined
1,0.71880865,1.0,55,combined
1,0.7793138,1.0,55,combined
1,0.7712249,1.0,55,combined
1,0.7422318,1.0,55,combined
1,0.74562484,1.0,55,combined
1,0.7605935,1.0,55,combined
1,0.72536474,1.0,55,combined
1,0.7063016,1.0,55,combined
1,0.8263078,1.0,55,combined
1,0.704344,1.0,55,combined
1,0.6863326,1.0,55,combined
1,0.6883293,1.0,55,combined
1,0.70348334,1.0,55,combined
1,0.7068385,1.0,55,combined
1,0.7028161,1.0,55,combined
1,0.66309786,1.0,55,combined
1,0.61902654,1.0,55,combined
1,0.69126695,1.0,55,combined
1,0.7086143,1.0,55,combined
1,0.8127801,1.0,55,combined
1,0.857354,1.0,55,combined
1,0.8357322,1.0,55,combined
1,0.8279221,1.0,55,combined
1,0.822882,1.0,55,combined
1,0.8178195,1.0,55,combined
1,0.6988067,1.0,55,combined
1,0.66926867,1.0,55,combined
1,0.7406851,1.0,55,combined
1,0.67412174,1.0,55,combined
1,0.65954506,1.0,55,combined
1,0.6910622,1.0,55,combined
1,0.6721602,1.0,55,combined
1,0.65642,1.0,55,combined
1,0.6625988,1.0,55,combined
1,0.650104,1.0,55,combined
1,0.64994997,1.0,55,combined
1,0.7036325,1.0,55,combined
1,0.7306937,1.0,55,combined
1,0.7642903,1.0,55,combined
1,0.7519932,1.0,55,combined
1,0.740241,1.0,55,combined
1,0.7419548,1.0,55,combined
1,0.7381756,1.0,55,combined
1,0.74538267,1.0,55,combined
1,0.71336067,1.0,55,combined
1,0.7146154,1.0,55,combined
1,0.775883,1.0,55,combined
1,0.70135915,1.0,55,combined
1,0.6908656,1.0,55,combined
1,0.69640386,1.0,55,combined
1,0.7023132,1.0,55,combined
1,0.6970749,1.0,55,combined
1,0.6873179,1.0,55,combined
1,0.64357626,1.0,55,combined
1,0.6478191,1.0,55,combined
1,0.71313477,1.0,55,combined
1,0.6954676,1.0,55,combined
1,0.73705196,1.0,55,combined
1,0.8045291,1.0,55,combined
1,0.7841069,1.0,55,combined
1,0.803769,1.0,55,combined
1,0.784784,1.0,55,combined
1,0.799584,1.0,55,combined
1,0.45531592,1.0,55,combined
1,0.5053559,1.0,55,combined
1,0.5051994,1.0,55,combined
1,0.49952495,1.0,55,combined
1,0.4942299,1.0,55,combined
1,0.4809524,1.0,55,combined
1,0.47393683,1.0,55,combined
1,0.46394736,1.0,55,combined
1,0.45875964,1.0,55,combined
1,0.4525534,1.0,55,combined
1,0.44166926,1.0,55,combined
1,0.4386211,1.0,55,combined
1,0.5296923,1.0,55,combined
1,0.43017873,1.0,55,combined
1,0.42726418,1.0,55,combined
1,0.42170155,1.0,55,combined
1,0.4083294,1.0,55,combined
1,0.4066299,1.0,55,combined
1,0.39968902,1.0,55,combined
1,0.38977548,1.0,55,combined
1,0.37893102,1.0,55,combined
1,0.37546146,1.0,55,combined
1,0.24877135,1.0,55,combined
1,0.5569408,1.0,55,combined
1,0.24932553,1.0,55,combined
1,0.24928927,1.0,55,combined
1,0.24944383,1.0,55,combined
1,0.24986948,1.0,55,combined
1,0.24994923,1.0,55,combined
1,0.2501929,1.0,55,combined
1,0.25055498,1.0,55,combined
1,0.2506775,1.0,55,combined
1,0.25082418,1.0,55,combined
1,0.25094151,1.0,55,combined
1,0.5406879,1.0,55,combined
1,0.25087404,1.0,55,combined
1,0.25124976,1.0,55,combined
1,0.2516098,1.0,55,combined
1,0.2516524,1.0,55,combined
1,0.25193226,1.0,55,combined
1,0.25237924,1.0,55,combined
1,0.2526799,1.0,55,combined
1,0.25259754,1.0,55,combined
1,0.25218657,1.0,55,combined
1,0.55879617,1.0,55,combined
1,0.5856057,1.0,55,combined
1,0.5304743,1.0,55,combined
1,0.5202993,1.0,55,combined
1,0.52373594,1.0,55,combined
1,0.7040576,1.0,55,combined
1,0.70884705,1.0,55,combined
1,0.7310834,1.0,55,combined
1,0.66761,1.0,55,combined
1,0.6749817,1.0,55,combined
1,0.68479985,1.0,55,combined
1,0.67906123,1.0,55,combined
1,0.6904442,1.0,55,combined
1,0.6590732,1.0,55,combined
1,0.618876,1.0,55,combined
1,0.63933825,1.0,55,combined
1,0.7009025,1.0,55,combined
1,0.6667244,1.0,55,combined
1,0.74134207,1.0,55,combined
1,0.7797489,1.0,55,combined
1,0.75664073,1.0,55,combined
1,0.75287557,1.0,55,combined
1,0.74511015,1.0,55,combined
1,0.7533054,1.0,55,combined
1,0.69966125,1.0,55,combined
1,0.7350179,1.0,55,combined
1,0.7468582,1.0,55,combined
1,0.67167455,1.0,55,combined
1,0.6784126,1.0,55,combined
1,0.68304795,1.0,55,combined
1,0.6740774,1.0,55,combined
1,0.68587273,1.0,55,combined
1,0.6776751,1.0,55,combined
1,0.67705745,1.0,55,combined
1,0.68807703,1.0,55,combined
1,0.7325246,1.0,55,combined
1,0.709356,1.0,55,combined
1,0.7118334,1.0,55,combined
1,0.75817597,1.0,55,combined
1,0.7252917,1.0,55,combined
1,0.73017615,1.0,55,combined
1,0.77909416,1.0,55,combined
1,0.75019467,1.0,55,combined
1,0.5056177,1.0,55,combined
1,0.54864895,1.0,55,combined
1,0.50645256,1.0,55,combined
1,0.48697874,1.0,55,combined
1,0.4412236,1.0,55,combined
1,0.48791116,1.0,55,combined
1,0.47453168,1.0,55,combined
1,0.44833115,1.0,55,combined
1,0.47211373,1.0,55,combined
1,0.45950374,1.0,55,combined
1,0.46157998,1.0,55,combined
1,0.4560907,1.0,55,combined
1,0.51278436,1.0,55,combined
1,0.43296298,1.0,55,combined
1,0.5015484,1.0,55,combined
1,0.5144567,1.0,55,combined
1,0.4717512,1.0,55,combined
1,0.47847638,1.0,55,combined
1,0.47362357,1.0,55,combined
1,0.49905363,1.0,55,combined
1,0.50023836,1.0,55,combined
1,0.5130408,1.0,55,combined
1,0.5443038,1.0,55,combined
1,0.51936156,1.0,55,combined
1,0.54062426,1.0,55,combined
1,0.5437566,1.0,55,combined
1,0.53800994,1.0,55,combined
1,0.25839987,1.0,55,combined
1,0.258368,1.0,55,combined
1,0.25817108,1.0,55,combined
1,0.25809175,1.0,55,combined
1,0.2578721,1.0,55,combined
1,0.25791675,1.0,55,combined
1,0.2577939,1.0,55,combined
1,0.55512065,1.0,55,combined
1,0.2574446,1.0,55,combined
1,0.25778735,1.0,55,combined
1,0.25825417,1.0,55,combined
1,0.25846013,1.0,55,combined
1,0.25876114,1.0,55,combined
1,0.25877362,1.0,55,combined
1,0.25895017,1.0,55,combined
1,0.25931785,1.0,55,combined
1,0.25938997,1.0,55,combined
1,0.25960526,1.0,55,combined
1,0.530988,1.0,55,combined
1,0.2600616,1.0,55,combined
1,0.26035443,1.0,55,combined
1,0.2601479,1.0,55,combined
1,0.26006573,1.0,55,combined
1,0.26027074,1.0,55,combined
1,0.26039115,1.0,55,combined
1,0.2603395,1.0,55,combined
1,0.5141499,1.0,55,combined
1,0.5221749,1.0,55,combined
1,0.49367976,1.0,55,combined
1,0.48374978,1.0,55,combined
1,0.491862,1.0,55,combined
1,0.4773235,1.0,55,combined
1,0.4617014,1.0,55,combined
1,0.44668508,1.0,55,combined
1,0.43811357,1.0,55,combined
1,0.43224153,1.0,55,combined
1,0.4257194,1.0,55,combined
1,0.41058838,1.0,55,combined
1,0.43236104,1.0,55,combined
1,0.42452872,1.0,55,combined
1,0.4333212,1.0,55,combined
1,0.43230423,1.0,55,combined
1,0.45385653,1.0,55,combined
1,0.41316482,1.0,55,combined
1,0.4154544,1.0,55,combined
1,0.25329724,1.0,55,combined
1,0.253543,1.0,55,combined
1,0.25371876,1.0,55,combined
1,0.25388065,1.0,55,combined
1,0.25385988,1.0,55,combined
1,0.25425923,1.0,55,combined
1,0.25439546,1.0,55,combined
1,0.25426787,1.0,55,combined
1,0.4551604,1.0,55,combined
1,0.25476074,1.0,55,combined
1,0.25530764,1.0,55,combined
1,0.2552672,1.0,55,combined
1,0.2555405,1.0,55,combined
1,0.25554723,1.0,55,combined
1,0.2545899,1.0,55,combined
1,0.25469717,1.0,55,combined
1,0.25468993,1.0,55,combined
1,0.45104322,1.0,55,combined
1,0.4363897,1.0,55,combined
1,0.43136072,1.0,55,combined
1,0.48024166,1.0,55,combined
1,0.46110716,1.0,55,combined
1,0.44109002,1.0,55,combined
0,0.25101328,1.0,88,combined
0,0.13510948,1.0,88,combined
0,0.22027737,1.0,88,combined
0,0.20879366,1.0,88,combined
0,0.18025905,1.0,88,combined
0,0.108041964,1.0,88,combined
0,0.101091765,1.0,88,combined
0,0.06527231,1.0,88,combined
0,0.058616456,1.0,88,combined
0,0.07286972,1.0,88,combined
0,0.112085514,1.0,88,combined
0,0.10512909,1.0,88,combined
0,0.08087449,1.0,88,combined
0,0.05742821,1.0,88,combined
0,0.065124184,1.0,88,combined
0,0.0829138,1.0,88,combined
0,0.083394505,1.0,88,combined
0,0.09993697,1.0,88,combined
0,0.12461146,1.0,88,combined
0,0.122428425,1.0,88,combined
0,0.12763354,1.0,88,combined
0,0.2536358,1.0,88,combined
0,0.47324353,1.0,88,combined
0,0.55516,1.0,88,combined
0,0.4235942,1.0,88,combined
0,0.14922445,1.0,88,combined
0,0.078212254,1.0,88,combined
0,0.051286545,1.0,88,combined
0,0.05114517,1.0,88,combined
0,0.0835056,1.0,88,combined
0,0.056292597,1.0,88,combined
0,0.047040414,1.0,88,combined
0,0.08274645,1.0,88,combined
0,0.12217237,1.0,88,combined
0,0.114522345,1.0,88,combined
0,0.05899104,1.0,88,combined
0,0.05235102,1.0,88,combined
0,0.06526198,1.0,88,combined
0,0.09523009,1.0,88,combined
0,0.17434423,1.0,88,combined
0,0.33966306,1.0,88,combined
0,0.34177935,1.0,88,combined
0,0.27123004,1.0,88,combined
0,0.19364023,1.0,88,combined
0,0.22083706,1.0,88,combined
0,0.32853577,1.0,88,combined
0,0.23088983,1.0,88,combined
0,0.16970372,1.0,88,combined
0,0.075163275,1.0,88,combined
0,0.13485888,1.0,88,combined
0,0.16454792,1.0,88,combined
0,0.17449537,1.0,88,combined
0,0.26291355,1.0,88,combined
0,0.13210464,1.0,88,combined
0,0.12553386,1.0,88,combined
0,0.1986057,1.0,88,combined
0,0.16549745,1.0,88,combined
0,0.29312062,1.0,88,combined
0,0.2463871,1.0,88,combined
0,0.11817072,1.0,88,combined
0,0.13248423,1.0,88,combined
0,0.17683609,1.0,88,combined
0,0.18501185,1.0,88,combined
0,0.2441053,1.0,88,combined
0,0.28251547,1.0,88,combined
0,0.2302142,1.0,88,combined
0,0.3123389,1.0,88,combined
0,0.29589453,1.0,88,combined
0,0.12244697,1.0,88,combined
0,0.06973604,1.0,88,combined
0,0.056866,1.0,88,combined
0,0.05343732,1.0,88,combined
0,0.059184942,1.0,88,combined
0,0.06446164,1.0,88,combined
0,0.07080977,1.0,88,combined
0,0.10432377,1.0,88,combined
0,0.18992822,1.0,88,combined
0,0.24892625,1.0,88,combined
0,0.25640196,1.0,88,combined
0,0.20015275,1.0,88,combined
0,0.18871976,1.0,88,combined
0,0.13230358,1.0,88,combined
0,0.10276962,1.0,88,combined
0,0.09857844,1.0,88,combined
0,0.10416177,1.0,88,combined
0,0.07866135,1.0,88,combined
0,0.1236851,1.0,88,combined
0,0.1295638,1.0,88,combined
0,0.16806182,1.0,88,combined
0,0.24047554,1.0,88,combined
0,0.228213,1.0,88,combined
0,0.2468915,1.0,88,combined
0,0.17785086,1.0,88,combined
0,0.10112447,1.0,88,combined
0,0.067918226,1.0,88,combined
0,0.1884507,1.0,88,combined
0,0.15409124,1.0,88,combined
0,0.113322385,1.0,88,combined
0,0.12512517,1.0,88,combined
0,0.08500381,1.0,88,combined
0,0.4002482,1.0,88,combined
0,0.121724136,1.0,88,combined
0,0.16415088,1.0,88,combined
0,0.16958597,1.0,88,combined
0,0.1514928,1.0,88,combined
0,0.077234216,1.0,88,combined
0,0.11812639,1.0,88,combined
0,0.13474268,1.0,88,combined
0,0.14151472,1.0,88,combined
0,0.27084365,1.0,88,combined
0,0.30602846,1.0,88,combined
0,0.44960436,1.0,88,combined
0,0.3839637,1.0,88,combined
0,0.14970215,1.0,88,combined
0,0.09223187,1.0,88,combined
0,0.25240684,1.0,88,combined
0,0.24887985,1.0,88,combined
0,0.33454353,1.0,88,combined
0,0.23406248,1.0,88,combined
0,0.19466172,1.0,88,combined
0,0.28044203,1.0,88,combined
0,0.2822571,1.0,88,combined
0,0.19614348,1.0,88,combined
0,0.28130478,1.0,88,combined
0,0.33047107,1.0,88,combined
0,0.42683205,1.0,88,combined
0,0.35253063,1.0,88,combined
0,0.3520111,1.0,88,combined
0,0.41165158,1.0,88,combined
0,0.41920376,1.0,88,combined
0,0.24095464,1.0,88,combined
0,0.06207041,1.0,88,combined
0,0.059916463,1.0,88,combined
0,0.18750507,1.0,88,combined
0,0.069614075,1.0,88,combined
0,0.0576838,1.0,88,combined
0,0.08976339,1.0,88,combined
0,0.124086626,1.0,88,combined
0,0.10153958,1.0,88,combined
0,0.09956332,1.0,88,combined
0,0.10558797,1.0,88,combined
0,0.10483714,1.0,88,combined
0,0.08975973,1.0,88,combined
0,0.11112465,1.0,88,combined
0,0.25748172,1.0,88,combined
0,0.13049448,1.0,88,combined
0,0.13113688,1.0,88,combined
0,0.100147985,1.0,88,combined
0,0.13822448,1.0,88,combined
0,0.28749445,1.0,88,combined
0,0.42850602,1.0,88,combined
0,0.3883599,1.0,88,combined
0,0.116314106,1.0,88,combined
0,0.045440238,1.0,88,combined
0,0.049652126,1.0,88,combined
0,0.09733389,1.0,88,combined
0,0.053458486,1.0,88,combined
0,0.053586237,1.0,88,combined
0,0.06334841,1.0,88,combined
0,0.07445083,1.0,88,combined
0,0.06974808,1.0,88,combined
0,0.14122096,1.0,88,combined
0,0.17005147,1.0,88,combined
0,0.13259768,1.0,88,combined
0,0.17229447,1.0,88,combined
0,0.08099618,1.0,88,combined
0,0.06341672,1.0,88,combined
0,0.1869374,1.0,88,combined
0,0.26213318,1.0,88,combined
0,0.28173894,1.0,88,combined
0,0.3369895,1.0,88,combined
0,0.27343446,1.0,88,combined
0,0.0964615,1.0,88,combined
0,0.09944662,1.0,88,combined
0,0.11077686,1.0,88,combined
0,0.1261527,1.0,88,combined
0,0.153703,1.0,88,combined
0,0.18813112,1.0,88,combined
0,0.31977946,1.0,88,combined
0,0.26908672,1.0,88,combined
0,0.2816262,1.0,88,combined
0,0.37273616,1.0,88,combined
0,0.42119142,1.0,88,combined
0,0.37699816,1.0,88,combined
0,0.19303727,1.0,88,combined
0,0.22926556,1.0,88,combined
0,0.23025995,1.0,88,combined
0,0.19135907,1.0,88,combined
0,0.19865939,1.0,88,combined
0,0.108035296,1.0,88,combined
0,0.09187144,1.0,88,combined
0,0.2017126,1.0,88,combined
0,0.18591978,1.0,88,combined
0,0.22677834,1.0,88,combined
0,0.20123912,1.0,88,combined
0,0.18209553,1.0,88,combined
0,0.16944891,1.0,88,combined
0,0.14437729,1.0,88,combined
0,0.2342411,1.0,88,combined
0,0.09730635,1.0,88,combined
0,0.096406616,1.0,88,combined
0,0.13008809,1.0,88,combined
0,0.20584825,1.0,88,combined
0,0.26153165,1.0,88,combined
0,0.19605921,1.0,88,combined
0,0.3364702,1.0,88,combined
0,0.4789181,1.0,88,combined
0,0.3883689,1.0,88,combined
0,0.11813565,1.0,88,combined
0,0.12762283,1.0,88,combined
0,0.17359224,1.0,88,combined
0,0.10149957,1.0,88,combined
0,0.1380692,1.0,88,combined
0,0.13741851,1.0,88,combined
0,0.09683079,1.0,88,combined
0,0.098746166,1.0,88,combined
0,0.22782002,1.0,88,combined
0,0.3365438,1.0,88,combined
0,0.266759,1.0,88,combined
0,0.30938226,1.0,88,combined
0,0.29779896,1.0,88,combined
0,0.16719615,1.0,88,combined
0,0.09380419,1.0,88,combined
0,0.07865375,1.0,88,combined
0,0.12101995,1.0,88,combined
0,0.17697467,1.0,88,combined
0,0.14912216,1.0,88,combined
0,0.1730344,1.0,88,combined
0,0.11103375,1.0,88,combined
0,0.09357146,1.0,88,combined
0,0.12120796,1.0,88,combined
0,0.10470894,1.0,88,combined
0,0.11345075,1.0,88,combined
0,0.111450754,1.0,88,combined
0,0.16914098,1.0,88,combined
0,0.2288276,1.0,88,combined
0,0.3419125,1.0,88,combined
1,0.8174358,1.0,88,combined
1,0.8367697,1.0,88,combined
1,0.82915676,1.0,88,combined
1,0.6398945,1.0,88,combined
1,0.660277,1.0,88,combined
1,0.6741151,1.0,88,combined
1,0.5355728,1.0,88,combined
1,0.6224243,1.0,88,combined
1,0.59268343,1.0,88,combined
1,0.5236501,1.0,88,combined
1,0.47344995,1.0,88,combined
1,0.4846012,1.0,88,combined
1,0.5479088,1.0,88,combined
1,0.48637757,1.0,88,combined
1,0.45720896,1.0,88,combined
1,0.6728455,1.0,88,combined
1,0.51798505,1.0,88,combined
1,0.42117253,1.0,88,combined
1,0.37363783,1.0,88,combined
1,0.28067103,1.0,88,combined
1,0.3118102,1.0,88,combined
1,0.5524441,1.0,88,combined
1,0.6597432,1.0,88,combined
1,0.50252706,1.0,88,combined
1,0.6425511,1.0,88,combined
1,0.5684788,1.0,88,combined
1,0.31827778,1.0,88,combined
1,0.47226173,1.0,88,combined
1,0.46721837,1.0,88,combined
1,0.3736232,1.0,88,combined
1,0.27573445,1.0,88,combined
1,0.20251893,1.0,88,combined
1,0.31674787,1.0,88,combined
1,0.3801531,1.0,88,combined
1,0.3789121,1.0,88,combined
1,0.29489145,1.0,88,combined
1,0.25011244,1.0,88,combined
1,0.33414495,1.0,88,combined
1,0.3774448,1.0,88,combined
1,0.27486712,1.0,88,combined
1,0.33566827,1.0,88,combined
1,0.3568129,1.0,88,combined
1,0.26907864,1.0,88,combined
1,0.25708964,1.0,88,combined
1,0.4645385,1.0,88,combined
1,0.49568796,1.0,88,combined
1,0.34421492,1.0,88,combined
1,0.30335304,1.0,88,combined
1,0.27304518,1.0,88,combined
1,0.26094046,1.0,88,combined
1,0.18786836,1.0,88,combined
1,0.20768267,1.0,88,combined
1,0.21981676,1.0,88,combined
1,0.1903674,1.0,88,combined
1,0.14103508,1.0,88,combined
1,0.14345755,1.0,88,combined
1,0.17276965,1.0,88,combined
1,0.3200901,1.0,88,combined
1,0.29177818,1.0,88,combined
1,0.15753421,1.0,88,combined
1,0.078267574,1.0,88,combined
1,0.055043597,1.0,88,combined
1,0.056432936,1.0,88,combined
1,0.08639099,1.0,88,combined
1,0.19521612,1.0,88,combined
1,0.31424755,1.0,88,combined
1,0.5819208,1.0,88,combined
1,0.8218548,1.0,88,combined
1,0.8638356,1.0,88,combined
1,0.8905923,1.0,88,combined
1,0.8950162,1.0,88,combined
1,0.8817601,1.0,88,combined
1,0.85072434,1.0,88,combined
1,0.8357761,1.0,88,combined
1,0.83778954,1.0,88,combined
1,0.79675704,1.0,88,combined
1,0.7675032,1.0,88,combined
1,0.7701092,1.0,88,combined
1,0.7605562,1.0,88,combined
1,0.7255359,1.0,88,combined
1,0.69697136,1.0,88,combined
1,0.5952587,1.0,88,combined
1,0.4877105,1.0,88,combined
1,0.60971296,1.0,88,combined
1,0.64346623,1.0,88,combined
1,0.7314995,1.0,88,combined
1,0.7725231,1.0,88,combined
1,0.72021306,1.0,88,combined
1,0.5831719,1.0,88,combined
1,0.38229072,1.0,88,combined
1,0.3544311,1.0,88,combined
1,0.34010866,1.0,88,combined
1,0.37728006,1.0,88,combined
1,0.3362159,1.0,88,combined
1,0.28123882,1.0,88,combined
1,0.5740411,1.0,88,combined
1,0.73178893,1.0,88,combined
1,0.6676469,1.0,88,combined
1,0.61016953,1.0,88,combined
1,0.6619359,1.0,88,combined
1,0.73963773,1.0,88,combined
1,0.8081025,1.0,88,combined
1,0.80972034,1.0,88,combined
1,0.70593303,1.0,88,combined
1,0.71165836,1.0,88,combined
1,0.6291274,1.0,88,combined
1,0.6129631,1.0,88,combined
1,0.63881433,1.0,88,combined
1,0.47626877,1.0,88,combined
1,0.5412741,1.0,88,combined
1,0.6110994,1.0,88,combined
1,0.5207333,1.0,88,combined
1,0.4207435,1.0,88,combined
1,0.35936573,1.0,88,combined
1,0.24227507,1.0,88,combined
1,0.29194042,1.0,88,combined
1,0.46440768,1.0,88,combined
1,0.5414478,1.0,88,combined
1,0.46200305,1.0,88,combined
1,0.4291141,1.0,88,combined
1,0.5316738,1.0,88,combined
1,0.627953,1.0,88,combined
1,0.4881173,1.0,88,combined
1,0.45117626,1.0,88,combined
1,0.3605599,1.0,88,combined
1,0.22840348,1.0,88,combined
1,0.29247186,1.0,88,combined
1,0.26551425,1.0,88,combined
0,0.12339884,1.0,0,combined
0,0.13617681,1.0,0,combined
0,0.1582583,1.0,0,combined
0,0.16680287,1.0,0,combined
0,0.16713277,1.0,0,combined
0,0.16740249,1.0,0,combined
0,0.1673562,1.0,0,combined
0,0.1667966,1.0,0,combined
0,0.16585608,1.0,0,combined
0,0.16569811,1.0,0,combined
0,0.1579914,1.0,0,combined
0,0.15789509,1.0,0,combined
0,0.15732098,1.0,0,combined
0,0.15568049,1.0,0,combined
0,0.15528817,1.0,0,combined
0,0.15588556,1.0,0,combined
0,0.15694682,1.0,0,combined
0,0.15673913,1.0,0,combined
0,0.1557345,1.0,0,combined
0,0.14394543,1.0,0,combined
0,0.15646067,1.0,0,combined
0,0.15765475,1.0,0,combined
0,0.1580484,1.0,0,combined
0,0.1578805,1.0,0,combined
0,0.15869129,1.0,0,combined
0,0.16039178,1.0,0,combined
0,0.16191655,1.0,0,combined
0,0.16219845,1.0,0,combined
0,0.16242366,1.0,0,combined
0,0.1630793,1.0,0,combined
0,0.14922456,1.0,0,combined
0,0.16360687,1.0,0,combined
0,0.16379362,1.0,0,combined
0,0.16431169,1.0,0,combined
0,0.1644583,1.0,0,combined
0,0.16397189,1.0,0,combined
0,0.163831,1.0,0,combined
0,0.1633914,1.0,0,combined
0,0.16299635,1.0,0,combined
0,0.1630031,1.0,0,combined
0,0.16284959,1.0,0,combined
0,0.15387774,1.0,0,combined
0,0.16221772,1.0,0,combined
0,0.16110645,1.0,0,combined
0,0.16076584,1.0,0,combined
0,0.16114374,1.0,0,combined
0,0.16103327,1.0,0,combined
0,0.16261986,1.0,0,combined
0,0.16436104,1.0,0,combined
0,0.16474593,1.0,0,combined
0,0.16519684,1.0,0,combined
0,0.16623923,1.0,0,combined
0,0.15785153,1.0,0,combined
0,0.16623138,1.0,0,combined
0,0.16491298,1.0,0,combined
0,0.16390356,1.0,0,combined
0,0.16376126,1.0,0,combined
0,0.1636085,1.0,0,combined
0,0.16283806,1.0,0,combined
0,0.16195299,1.0,0,combined
0,0.1613665,1.0,0,combined
0,0.16118927,1.0,0,combined
0,0.16037998,1.0,0,combined
0,0.16028593,1.0,0,combined
0,0.15934,1.0,0,combined
0,0.15858795,1.0,0,combined
0,0.15788412,1.0,0,combined
0,0.15804446,1.0,0,combined
0,0.15845872,1.0,0,combined
0,0.15908557,1.0,0,combined
0,0.1601357,1.0,0,combined
0,0.16054483,1.0,0,combined
0,0.16077071,1.0,0,combined
0,0.16057983,1.0,0,combined
0,0.16147697,1.0,0,combined
0,0.16023831,1.0,0,combined
0,0.16036873,1.0,0,combined
0,0.16054797,1.0,0,combined
0,0.16097935,1.0,0,combined
0,0.16140157,1.0,0,combined
0,0.16120115,1.0,0,combined
0,0.16051213,1.0,0,combined
0,0.15980196,1.0,0,combined
0,0.15934178,1.0,0,combined
0,0.15955077,1.0,0,combined
0,0.16094542,1.0,0,combined
0,0.16058028,1.0,0,combined
0,0.16171505,1.0,0,combined
0,0.1627136,1.0,0,combined
0,0.16365007,1.0,0,combined
0,0.1645675,1.0,0,combined
0,0.16504607,1.0,0,combined
0,0.16532397,1.0,0,combined
0,0.16568373,1.0,0,combined
0,0.16622996,1.0,0,combined
0,0.16725104,1.0,0,combined
0,0.1591029,1.0,0,combined
0,0.16803642,1.0,0,combined
0,0.16916043,1.0,0,combined
0,0.17076507,1.0,0,combined
0,0.17143795,1.0,0,combined
0,0.17126186,1.0,0,combined
0,0.1704672,1.0,0,combined
0,0.16969764,1.0,0,combined
0,0.16881724,1.0,0,combined
0,0.16748582,1.0,0,combined
0,0.16683902,1.0,0,combined
0,0.12300065,1.0,0,combined
0,0.1448725,1.0,0,combined
0,0.13544418,1.0,0,combined
0,0.13020116,1.0,0,combined
0,0.13081966,1.0,0,combined
0,0.13190232,1.0,0,combined
0,0.1328266,1.0,0,combined
0,0.13323899,1.0,0,combined
0,0.13354915,1.0,0,combined
0,0.13372724,1.0,0,combined
0,0.13397959,1.0,0,combined
0,0.13274701,1.0,0,combined
0,0.1309774,1.0,0,combined
0,0.12877893,1.0,0,combined
0,0.12679894,1.0,0,combined
0,0.12550099,1.0,0,combined
0,0.1252448,1.0,0,combined
0,0.12458479,1.0,0,combined
0,0.12362405,1.0,0,combined
0,0.14961849,1.0,0,combined
0,0.123911336,1.0,0,combined
0,0.123709634,1.0,0,combined
0,0.12338081,1.0,0,combined
0,0.123777926,1.0,0,combined
0,0.124229506,1.0,0,combined
0,0.12395493,1.0,0,combined
0,0.12354297,1.0,0,combined
0,0.123909116,1.0,0,combined
0,0.12135137,1.0,0,combined
0,0.12008672,1.0,0,combined
0,0.14984381,1.0,0,combined
0,0.12409274,1.0,0,combined
0,0.12546146,1.0,0,combined
0,0.12583739,1.0,0,combined
0,0.12567893,1.0,0,combined
0,0.12529172,1.0,0,combined
0,0.1251671,1.0,0,combined
0,0.1253278,1.0,0,combined
0,0.12641644,1.0,0,combined
0,0.12697874,1.0,0,combined
0,0.12710825,1.0,0,combined
0,0.14829016,1.0,0,combined
0,0.12710287,1.0,0,combined
0,0.1269815,1.0,0,combined
0,0.12696086,1.0,0,combined
0,0.126706,1.0,0,combined
0,0.12684585,1.0,0,combined
0,0.12751208,1.0,0,combined
0,0.12827076,1.0,0,combined
0,0.12906398,1.0,0,combined
0,0.12946588,1.0,0,combined
0,0.12867399,1.0,0,combined
0,0.14543445,1.0,0,combined
0,0.12799397,1.0,0,combined
0,0.12813495,1.0,0,combined
0,0.12850896,1.0,0,combined
0,0.12887494,1.0,0,combined
0,0.12988442,1.0,0,combined
0,0.13113073,1.0,0,combined
0,0.13180478,1.0,0,combined
0,0.13206461,1.0,0,combined
0,0.13243328,1.0,0,combined
0,0.13294992,1.0,0,combined
0,0.1427073,1.0,0,combined
0,0.13355087,1.0,0,combined
0,0.1343306,1.0,0,combined
0,0.13469523,1.0,0,combined
0,0.13483517,1.0,0,combined
0,0.13503781,1.0,0,combined
0,0.1349191,1.0,0,combined
0,0.13430609,1.0,0,combined
0,0.1333617,1.0,0,combined
0,0.13285187,1.0,0,combined
0,0.13249011,1.0,0,combined
0,0.14064042,1.0,0,combined
0,0.1325676,1.0,0,combined
0,0.13326493,1.0,0,combined
0,0.13339162,1.0,0,combined
0,0.13252215,1.0,0,combined
0,0.13217081,1.0,0,combined
0,0.13219741,1.0,0,combined
0,0.1318876,1.0,0,combined
0,0.13146465,1.0,0,combined
0,0.13150908,1.0,0,combined
0,0.13192154,1.0,0,combined
0,0.1383858,1.0,0,combined
0,0.13138881,1.0,0,combined
0,0.12989508,1.0,0,combined
0,0.1279471,1.0,0,combined
0,0.12586604,1.0,0,combined
0,0.123734966,1.0,0,combined
0,0.12244614,1.0,0,combined
0,0.12237061,1.0,0,combined
0,0.12289331,1.0,0,combined
0,0.12339803,1.0,0,combined
0,0.12305963,1.0,0,combined
0,0.13664454,1.0,0,combined
0,0.121532276,1.0,0,combined
0,0.12089661,1.0,0,combined
0,0.12089042,1.0,0,combined
0,0.1212398,1.0,0,combined
0,0.12239071,1.0,0,combined
0,0.12413235,1.0,0,combined
0,0.12613553,1.0,0,combined
0,0.12786844,1.0,0,combined
0,0.12942702,1.0,0,combined
0,0.13022408,1.0,0,combined
0,0.12458755,1.0,0,combined
0,0.12574804,1.0,0,combined
0,0.14573096,1.0,0,combined
0,0.15149184,1.0,0,combined
0,0.1514477,1.0,0,combined
0,0.1517285,1.0,0,combined
0,0.15222934,1.0,0,combined
0,0.15195236,1.0,0,combined
0,0.1506017,1.0,0,combined
0,0.14999253,1.0,0,combined
0,0.14565006,1.0,0,combined
0,0.1452632,1.0,0,combined
0,0.14551282,1.0,0,combined
0,0.1461953,1.0,0,combined
0,0.14664283,1.0,0,combined
0,0.14630458,1.0,0,combined
0,0.14628802,1.0,0,combined
0,0.14621153,1.0,0,combined
0,0.14612003,1.0,0,combined
0,0.12685388,1.0,0,combined
0,0.14662877,1.0,0,combined
0,0.14759348,1.0,0,combined
0,0.14845368,1.0,0,combined
0,0.14817774,1.0,0,combined
0,0.1480977,1.0,0,combined
0,0.14899714,1.0,0,combined
0,0.14926533,1.0,0,combined
0,0.1493037,1.0,0,combined
0,0.14909309,1.0,0,combined
0,0.14996335,1.0,0,combined
0,0.12852418,1.0,0,combined
0,0.15063608,1.0,0,combined
0,0.15102047,1.0,0,combined
0,0.15114704,1.0,0,combined
0,0.15019992,1.0,0,combined
0,0.1496092,1.0,0,combined
0,0.14883253,1.0,0,combined
0,0.1484118,1.0,0,combined
0,0.14778535,1.0,0,combined
0,0.14719196,1.0,0,combined
0,0.1467829,1.0,0,combined
0,0.13091461,1.0,0,combined
0,0.14627635,1.0,0,combined
0,0.14676185,1.0,0,combined
0,0.14669606,1.0,0,combined
0,0.1462595,1.0,0,combined
0,0.1456209,1.0,0,combined
0,0.14506613,1.0,0,combined
0,0.14501166,1.0,0,combined
0,0.14486216,1.0,0,combined
0,0.14446948,1.0,0,combined
0,0.14427893,1.0,0,combined
0,0.1330738,1.0,0,combined
0,0.14506835,1.0,0,combined
0,0.14608803,1.0,0,combined
0,0.14676814,1.0,0,combined
0,0.14739826,1.0,0,combined
0,0.14775601,1.0,0,combined
0,0.14763752,1.0,0,combined
0,0.14705771,1.0,0,combined
0,0.14613572,1.0,0,combined
0,0.14669162,1.0,0,combined
0,0.14769499,1.0,0,combined
0,0.13603698,1.0,0,combined
0,0.14783274,1.0,0,combined
0,0.14827183,1.0,0,combined
0,0.14877039,1.0,0,combined
0,0.149203,1.0,0,combined
0,0.1489568,1.0,0,combined
0,0.14842743,1.0,0,combined
0,0.14841735,1.0,0,combined
0,0.14896782,1.0,0,combined
0,0.149152,1.0,0,combined
0,0.14891589,1.0,0,combined
0,0.13856268,1.0,0,combined
0,0.14876558,1.0,0,combined
0,0.14835054,1.0,0,combined
0,0.14808331,1.0,0,combined
0,0.14778677,1.0,0,combined
0,0.14712319,1.0,0,combined
0,0.14741954,1.0,0,combined
0,0.14824109,1.0,0,combined
0,0.14853115,1.0,0,combined
0,0.14884493,1.0,0,combined
0,0.1497942,1.0,0,combined
0,0.14065371,1.0,0,combined
0,0.15147626,1.0,0,combined
0,0.15294614,1.0,0,combined
0,0.15333632,1.0,0,combined
0,0.15357433,1.0,0,combined
0,0.15347067,1.0,0,combined
0,0.1530709,1.0,0,combined
0,0.15414129,1.0,0,combined
0,0.15535349,1.0,0,combined
0,0.15590627,1.0,0,combined
0,0.15665983,1.0,0,combined
0,0.1435938,1.0,0,combined
0,0.15644108,1.0,0,combined
0,0.15585572,1.0,0,combined
0,0.1553734,1.0,0,combined
0,0.15419757,1.0,0,combined
0,0.15359591,1.0,0,combined
0,0.15259092,1.0,0,combined
0,0.1518834,1.0,0,combined
0,0.1516181,1.0,0,combined
0,0.15123183,1.0,0,combined
0,0.15148264,1.0,0,combined
0,0.15073611,1.0,0,combined
0,0.15253945,1.0,0,combined
0,0.15802507,1.0,0,combined
0,0.17802677,1.0,0,combined
0,0.17941405,1.0,0,combined
0,0.1797503,1.0,0,combined
0,0.17909378,1.0,0,combined
0,0.1787693,1.0,0,combined
0,0.17880432,1.0,0,combined
0,0.17799461,1.0,0,combined
0,0.15924604,1.0,0,combined
0,0.16018823,1.0,0,combined
0,0.16125304,1.0,0,combined
0,0.16303203,1.0,0,combined
0,0.16440618,1.0,0,combined
0,0.16541447,1.0,0,combined
0,0.16662328,1.0,0,combined
0,0.16736642,1.0,0,combined
0,0.16748515,1.0,0,combined
0,0.15448152,1.0,0,combined
0,0.16728339,1.0,0,combined
0,0.16740465,1.0,0,combined
0,0.16795467,1.0,0,combined
0,0.16805162,1.0,0,combined
0,0.167083,1.0,0,combined
0,0.16605091,1.0,0,combined
0,0.16555442,1.0,0,combined
0,0.16536182,1.0,0,combined
0,0.16403544,1.0,0,combined
0,0.16265722,1.0,0,combined
0,0.15701316,1.0,0,combined
0,0.16284089,1.0,0,combined
0,0.16376066,1.0,0,combined
0,0.16464217,1.0,0,combined
0,0.16519548,1.0,0,combined
0,0.16578822,1.0,0,combined
0,0.16678788,1.0,0,combined
0,0.1672113,1.0,0,combined
0,0.16684227,1.0,0,combined
0,0.16675669,1.0,0,combined
0,0.1668649,1.0,0,combined
0,0.15942581,1.0,0,combined
0,0.16688515,1.0,0,combined
0,0.16701509,1.0,0,combined
0,0.16724904,1.0,0,combined
0,0.16700187,1.0,0,combined
0,0.16633262,1.0,0,combined
0,0.16603611,1.0,0,combined
0,0.16569372,1.0,0,combined
0,0.16519357,1.0,0,combined
0,0.1646981,1.0,0,combined
0,0.16492265,1.0,0,combined
0,0.16081625,1.0,0,combined
0,0.16547291,1.0,0,combined
0,0.16576058,1.0,0,combined
0,0.16716854,1.0,0,combined
0,0.16928531,1.0,0,combined
0,0.16991474,1.0,0,combined
0,0.16908321,1.0,0,combined
0,0.16810559,1.0,0,combined
0,0.16676508,1.0,0,combined
0,0.16606185,1.0,0,combined
0,0.16586648,1.0,0,combined
0,0.16074428,1.0,0,combined
0,0.16594346,1.0,0,combined
0,0.1668093,1.0,0,combined
0,0.16811895,1.0,0,combined
0,0.16900407,1.0,0,combined
0,0.16862674,1.0,0,combined
0,0.1678401,1.0,0,combined
0,0.1674534,1.0,0,combined
0,0.16746849,1.0,0,combined
0,0.16749406,1.0,0,combined
0,0.16713585,1.0,0,combined
0,0.16006006,1.0,0,combined
0,0.16604911,1.0,0,combined
0,0.1660866,1.0,0,combined
0,0.16740341,1.0,0,combined
0,0.16818511,1.0,0,combined
0,0.16912192,1.0,0,combined
0,0.17069916,1.0,0,combined
0,0.17267938,1.0,0,combined
0,0.17423038,1.0,0,combined
0,0.17409508,1.0,0,combined
0,0.17377406,1.0,0,combined
0,0.15921319,1.0,0,combined
0,0.17344937,1.0,0,combined
0,0.17375937,1.0,0,combined
0,0.17513773,1.0,0,combined
0,0.176591,1.0,0,combined
0,0.17764154,1.0,0,combined
0,0.17816503,1.0,0,combined
0,0.17803532,1.0,0,combined
0,0.17704895,1.0,0,combined
0,0.17555434,1.0,0,combined
0,0.17331024,1.0,0,combined
0,0.15799749,1.0,0,combined
0,0.17111593,1.0,0,combined
0,0.17054024,1.0,0,combined
0,0.17052823,1.0,0,combined
0,0.17120612,1.0,0,combined
0,0.17226705,1.0,0,combined
0,0.1734237,1.0,0,combined
0,0.17485537,1.0,0,combined
0,0.1756093,1.0,0,combined
0,0.17569615,1.0,0,combined
0,0.17625383,1.0,0,combined
0,0.14759433,1.0,0,combined
0,0.14873649,1.0,0,combined
0,0.1535836,1.0,0,combined
0,0.13821281,1.0,0,combined
0,0.13750245,1.0,0,combined
0,0.13834241,1.0,0,combined
0,0.13986413,1.0,0,combined
0,0.14053537,1.0,0,combined
0,0.14076498,1.0,0,combined
0,0.14118563,1.0,0,combined
0,0.15340039,1.0,0,combined
0,0.15290996,1.0,0,combined
0,0.15281683,1.0,0,combined
0,0.15334973,1.0,0,combined
0,0.15350245,1.0,0,combined
0,0.15290777,1.0,0,combined
0,0.1469629,1.0,0,combined
0,0.1370262,1.0,0,combined
0,0.13641989,1.0,0,combined
0,0.15041,1.0,0,combined
0,0.14220153,1.0,0,combined
0,0.14889896,1.0,0,combined
0,0.15371154,1.0,0,combined
0,0.15711108,1.0,0,combined
0,0.15755871,1.0,0,combined
0,0.15588827,1.0,0,combined
0,0.15485162,1.0,0,combined
0,0.1549973,1.0,0,combined
0,0.15534352,1.0,0,combined
0,0.15404946,1.0,0,combined
0,0.15194085,1.0,0,combined
0,0.15038635,1.0,0,combined
0,0.14769964,1.0,0,combined
0,0.14582162,1.0,0,combined
0,0.14320044,1.0,0,combined
0,0.13843063,1.0,0,combined
0,0.13404602,1.0,0,combined
0,0.13538001,1.0,0,combined
0,0.13806547,1.0,0,combined
0,0.13868196,1.0,0,combined
0,0.13945462,1.0,0,combined
0,0.1542948,1.0,0,combined
0,0.13942118,1.0,0,combined
0,0.1386587,1.0,0,combined
0,0.13766266,1.0,0,combined
0,0.13756274,1.0,0,combined
0,0.13798542,1.0,0,combined
0,0.13741691,1.0,0,combined
0,0.13568309,1.0,0,combined
0,0.13545632,1.0,0,combined
0,0.13581085,1.0,0,combined
0,0.13513736,1.0,0,combined
0,0.15613523,1.0,0,combined
0,0.13371398,1.0,0,combined
0,0.13263275,1.0,0,combined
0,0.13206913,1.0,0,combined
0,0.1319428,1.0,0,combined
0,0.13211189,1.0,0,combined
0,0.13204995,1.0,0,combined
0,0.13155761,1.0,0,combined
0,0.13156684,1.0,0,combined
0,0.13301949,1.0,0,combined
0,0.13409632,1.0,0,combined
0,0.1557462,1.0,0,combined
0,0.1351949,1.0,0,combined
0,0.13585629,1.0,0,combined
0,0.13738494,1.0,0,combined
0,0.139407,1.0,0,combined
0,0.13899547,1.0,0,combined
0,0.13851216,1.0,0,combined
0,0.1386899,1.0,0,combined
0,0.1393118,1.0,0,combined
0,0.13992868,1.0,0,combined
0,0.13939008,1.0,0,combined
0,0.15416236,1.0,0,combined
0,0.13921961,1.0,0,combined
0,0.13938136,1.0,0,combined
0,0.13925612,1.0,0,combined
0,0.13993835,1.0,0,combined
0,0.14010637,1.0,0,combined
0,0.14039552,1.0,0,combined
0,0.14005508,1.0,0,combined
0,0.1394974,1.0,0,combined
0,0.13972437,1.0,0,combined
0,0.13892047,1.0,0,combined
0,0.15246737,1.0,0,combined
0,0.13810694,1.0,0,combined
0,0.13731074,1.0,0,combined
0,0.13745557,1.0,0,combined
0,0.13776784,1.0,0,combined
0,0.13783953,1.0,0,combined
0,0.13833348,1.0,0,combined
0,0.13763002,1.0,0,combined
0,0.13677885,1.0,0,combined
0,0.1372395,1.0,0,combined
0,0.13820376,1.0,0,combined
0,0.15254773,1.0,0,combined
0,0.13814148,1.0,0,combined
0,0.13743624,1.0,0,combined
0,0.13660525,1.0,0,combined
0,0.13579352,1.0,0,combined
0,0.13595349,1.0,0,combined
0,0.13611597,1.0,0,combined
0,0.13672091,1.0,0,combined
0,0.13775116,1.0,0,combined
0,0.13859853,1.0,0,combined
0,0.13887052,1.0,0,combined
0,0.123219185,1.0,0,combined
0,0.12554434,1.0,0,combined
0,0.14572088,1.0,0,combined
0,0.16956972,1.0,0,combined
0,0.17014292,1.0,0,combined
0,0.17068706,1.0,0,combined
0,0.1707237,1.0,0,combined
0,0.17042097,1.0,0,combined
0,0.17002064,1.0,0,combined
0,0.16847438,1.0,0,combined
0,0.14483766,1.0,0,combined
0,0.14505117,1.0,0,combined
0,0.14490329,1.0,0,combined
0,0.14430197,1.0,0,combined
0,0.1450254,1.0,0,combined
0,0.14632306,1.0,0,combined
0,0.14797759,1.0,0,combined
0,0.14911516,1.0,0,combined
0,0.14899287,1.0,0,combined
0,0.1290616,1.0,0,combined
0,0.14944859,1.0,0,combined
0,0.14979464,1.0,0,combined
0,0.14965437,1.0,0,combined
0,0.14961146,1.0,0,combined
0,0.14918193,1.0,0,combined
0,0.14892112,1.0,0,combined
0,0.14978445,1.0,0,combined
0,0.15095952,1.0,0,combined
0,0.15174444,1.0,0,combined
0,0.15290017,1.0,0,combined
0,0.13403554,1.0,0,combined
0,0.15300073,1.0,0,combined
0,0.15409586,1.0,0,combined
0,0.15578963,1.0,0,combined
0,0.15630539,1.0,0,combined
0,0.15587485,1.0,0,combined
0,0.15476063,1.0,0,combined
0,0.1544963,1.0,0,combined
0,0.15397218,1.0,0,combined
0,0.1536838,1.0,0,combined
0,0.15451713,1.0,0,combined
0,0.13868047,1.0,0,combined
0,0.15559398,1.0,0,combined
0,0.15649617,1.0,0,combined
0,0.15679732,1.0,0,combined
0,0.15674654,1.0,0,combined
0,0.15676291,1.0,0,combined
0,0.15679093,1.0,0,combined
0,0.15650335,1.0,0,combined
0,0.1561819,1.0,0,combined
0,0.15580197,1.0,0,combined
0,0.15584916,1.0,0,combined
0,0.14237344,1.0,0,combined
0,0.15675557,1.0,0,combined
0,0.1578603,1.0,0,combined
0,0.1580856,1.0,0,combined
0,0.15787135,1.0,0,combined
0,0.15802075,1.0,0,combined
0,0.15778315,1.0,0,combined
0,0.156752,1.0,0,combined
0,0.15598468,1.0,0,combined
0,0.1567391,1.0,0,combined
0,0.15679932,1.0,0,combined
0,0.14454141,1.0,0,combined
0,0.15639599,1.0,0,combined
0,0.15647043,1.0,0,combined
0,0.15810293,1.0,0,combined
0,0.16083601,1.0,0,combined
0,0.16239606,1.0,0,combined
0,0.16283347,1.0,0,combined
0,0.16280527,1.0,0,combined
0,0.16319357,1.0,0,combined
0,0.1636749,1.0,0,combined
0,0.1642431,1.0,0,combined
0,0.14596908,1.0,0,combined
0,0.16481687,1.0,0,combined
0,0.16510016,1.0,0,combined
0,0.1654546,1.0,0,combined
0,0.16494708,1.0,0,combined
0,0.16403762,1.0,0,combined
0,0.16443986,1.0,0,combined
0,0.16507962,1.0,0,combined
0,0.16637036,1.0,0,combined
0,0.16820094,1.0,0,combined
0,0.16942878,1.0,0,combined
0,0.14659749,1.0,0,combined
0,0.17057905,1.0,0,combined
0,0.1703777,1.0,0,combined
0,0.17091905,1.0,0,combined
0,0.17271288,1.0,0,combined
0,0.17248723,1.0,0,combined
0,0.17302532,1.0,0,combined
0,0.17408855,1.0,0,combined
0,0.1749871,1.0,0,combined
0,0.17506287,1.0,0,combined
0,0.17469738,1.0,0,combined
0,0.14621015,1.0,0,combined
0,0.17501615,1.0,0,combined
0,0.1751166,1.0,0,combined
0,0.1751101,1.0,0,combined
0,0.17472705,1.0,0,combined
0,0.17394073,1.0,0,combined
0,0.17229962,1.0,0,combined
0,0.17035958,1.0,0,combined
0,0.16970402,1.0,0,combined
0,0.1699655,1.0,0,combined
0,0.16967544,1.0,0,combined
0,0.12157905,1.0,0,combined
0,0.1281981,1.0,0,combined
0,0.15824108,1.0,0,combined
0,0.15729745,1.0,0,combined
0,0.15780963,1.0,0,combined
0,0.1591926,1.0,0,combined
0,0.1589263,1.0,0,combined
0,0.15740283,1.0,0,combined
0,0.15711349,1.0,0,combined
0,0.15806292,1.0,0,combined
0,0.15861878,1.0,0,combined
0,0.15753874,1.0,0,combined
0,0.15441856,1.0,0,combined
0,0.15211396,1.0,0,combined
0,0.1507021,1.0,0,combined
0,0.14957772,1.0,0,combined
0,0.15006854,1.0,0,combined
0,0.15166813,1.0,0,combined
0,0.15331018,1.0,0,combined
0,0.1353766,1.0,0,combined
0,0.15348549,1.0,0,combined
0,0.1527648,1.0,0,combined
0,0.15402283,1.0,0,combined
0,0.15465029,1.0,0,combined
0,0.15464641,1.0,0,combined
0,0.15659216,1.0,0,combined
0,0.15794805,1.0,0,combined
0,0.15749446,1.0,0,combined
0,0.15613772,1.0,0,combined
0,0.15632376,1.0,0,combined
0,0.1420385,1.0,0,combined
0,0.15725926,1.0,0,combined
0,0.15651457,1.0,0,combined
0,0.15631828,1.0,0,combined
0,0.15820101,1.0,0,combined
0,0.1588328,1.0,0,combined
0,0.15780267,1.0,0,combined
0,0.15721235,1.0,0,combined
0,0.15610068,1.0,0,combined
0,0.15479998,1.0,0,combined
0,0.15357815,1.0,0,combined
0,0.14780062,1.0,0,combined
0,0.15249823,1.0,0,combined
0,0.15242627,1.0,0,combined
0,0.15199319,1.0,0,combined
0,0.1534628,1.0,0,combined
0,0.15734859,1.0,0,combined
0,0.16036154,1.0,0,combined
0,0.16378397,1.0,0,combined
0,0.16630186,1.0,0,combined
0,0.16709682,1.0,0,combined
0,0.16737221,1.0,0,combined
0,0.15254807,1.0,0,combined
0,0.16735166,1.0,0,combined
0,0.1679297,1.0,0,combined
0,0.1669464,1.0,0,combined
0,0.16546693,1.0,0,combined
0,0.1656665,1.0,0,combined
0,0.16632205,1.0,0,combined
0,0.16428165,1.0,0,combined
0,0.15981473,1.0,0,combined
0,0.15809366,1.0,0,combined
0,0.15811045,1.0,0,combined
0,0.15456037,1.0,0,combined
0,0.1577314,1.0,0,combined
0,0.157281,1.0,0,combined
0,0.15864547,1.0,0,combined
0,0.16013154,1.0,0,combined
0,0.16000563,1.0,0,combined
0,0.16065861,1.0,0,combined
0,0.16168657,1.0,0,combined
0,0.16094376,1.0,0,combined
0,0.16033374,1.0,0,combined
0,0.16257416,1.0,0,combined
0,0.1555989,1.0,0,combined
0,0.1649601,1.0,0,combined
0,0.16598573,1.0,0,combined
0,0.16721413,1.0,0,combined
0,0.16942568,1.0,0,combined
0,0.17022933,1.0,0,combined
0,0.16840124,1.0,0,combined
0,0.16718468,1.0,0,combined
0,0.1668806,1.0,0,combined
0,0.16732568,1.0,0,combined
0,0.16785416,1.0,0,combined
0,0.15633832,1.0,0,combined
0,0.16831993,1.0,0,combined
0,0.16805173,1.0,0,combined
0,0.16837116,1.0,0,combined
0,0.16951948,1.0,0,combined
0,0.16823955,1.0,0,combined
0,0.16700655,1.0,0,combined
0,0.16814044,1.0,0,combined
0,0.17023522,1.0,0,combined
0,0.17138436,1.0,0,combined
0,0.170898,1.0,0,combined
0,0.15712534,1.0,0,combined
0,0.17041694,1.0,0,combined
0,0.17034714,1.0,0,combined
0,0.16964483,1.0,0,combined
0,0.16874284,1.0,0,combined
0,0.16659881,1.0,0,combined
0,0.16405419,1.0,0,combined
0,0.16219115,1.0,0,combined
0,0.1609633,1.0,0,combined
0,0.16021226,1.0,0,combined
0,0.15853171,1.0,0,combined
0,0.11257997,1.0,0,combined
0,0.121061765,1.0,0,combined
0,0.16481665,1.0,0,combined
0,0.19410694,1.0,0,combined
0,0.19011237,1.0,0,combined
0,0.18468545,1.0,0,combined
0,0.1848471,1.0,0,combined
0,0.18561797,1.0,0,combined
0,0.18629818,1.0,0,combined
0,0.18846083,1.0,0,combined
0,0.1672728,1.0,0,combined
0,0.16840781,1.0,0,combined
0,0.16813754,1.0,0,combined
0,0.16851951,1.0,0,combined
0,0.16892593,1.0,0,combined
0,0.16834109,1.0,0,combined
0,0.16864021,1.0,0,combined
0,0.16857037,1.0,0,combined
0,0.16922808,1.0,0,combined
0,0.12923466,1.0,0,combined
0,0.16982894,1.0,0,combined
0,0.16845834,1.0,0,combined
0,0.16756584,1.0,0,combined
0,0.16796154,1.0,0,combined
0,0.16855104,1.0,0,combined
0,0.16794534,1.0,0,combined
0,0.16641259,1.0,0,combined
0,0.16610241,1.0,0,combined
0,0.16629702,1.0,0,combined
0,0.16531056,1.0,0,combined
0,0.13609096,1.0,0,combined
0,0.16440108,1.0,0,combined
0,0.16416338,1.0,0,combined
0,0.1653567,1.0,0,combined
0,0.16744915,1.0,0,combined
0,0.16860518,1.0,0,combined
0,0.17370187,1.0,0,combined
0,0.18083043,1.0,0,combined
0,0.18534067,1.0,0,combined
0,0.18986708,1.0,0,combined
0,0.19247982,1.0,0,combined
0,0.14327765,1.0,0,combined
0,0.19221231,1.0,0,combined
0,0.19202313,1.0,0,combined
0,0.19273657,1.0,0,combined
0,0.19400738,1.0,0,combined
0,0.19434407,1.0,0,combined
0,0.19313811,1.0,0,combined
0,0.1908207,1.0,0,combined
0,0.18850207,1.0,0,combined
0,0.18834953,1.0,0,combined
0,0.18701458,1.0,0,combined
0,0.15054394,1.0,0,combined
0,0.18325302,1.0,0,combined
0,0.18108954,1.0,0,combined
0,0.18300936,1.0,0,combined
0,0.18624148,1.0,0,combined
0,0.1870316,1.0,0,combined
0,0.18663095,1.0,0,combined
0,0.18880008,1.0,0,combined
0,0.19214879,1.0,0,combined
0,0.19253035,1.0,0,combined
0,0.19128516,1.0,0,combined
0,0.15476166,1.0,0,combined
0,0.19005243,1.0,0,combined
0,0.19018313,1.0,0,combined
0,0.18978131,1.0,0,combined
0,0.18850453,1.0,0,combined
0,0.18855643,1.0,0,combined
0,0.19009763,1.0,0,combined
0,0.19424385,1.0,0,combined
0,0.19768101,1.0,0,combined
0,0.20131928,1.0,0,combined
0,0.20698456,1.0,0,combined
0,0.15737715,1.0,0,combined
0,0.21090218,1.0,0,combined
0,0.21355702,1.0,0,combined
0,0.21550815,1.0,0,combined
0,0.21737689,1.0,0,combined
0,0.218447,1.0,0,combined
0,0.21953684,1.0,0,combined
0,0.22061531,1.0,0,combined
0,0.2195122,1.0,0,combined
0,0.21872865,1.0,0,combined
0,0.21822946,1.0,0,combined
0,0.1602257,1.0,0,combined
0,0.21565534,1.0,0,combined
0,0.21072161,1.0,0,combined
0,0.2066866,1.0,0,combined
0,0.20490186,1.0,0,combined
0,0.20227721,1.0,0,combined
0,0.20094042,1.0,0,combined
0,0.20217122,1.0,0,combined
0,0.20345768,1.0,0,combined
0,0.20394757,1.0,0,combined
0,0.20453435,1.0,0,combined
0,0.1621018,1.0,0,combined
0,0.20383425,1.0,0,combined
0,0.20039363,1.0,0,combined
0,0.19688837,1.0,0,combined
0,0.19496028,1.0,0,combined
0,0.19376358,1.0,0,combined
0,0.19265494,1.0,0,combined
0,0.19177698,1.0,0,combined
0,0.19171582,1.0,0,combined
0,0.19215252,1.0,0,combined
0,0.19303082,1.0,0,combined
0,0.14416513,1.0,0,combined
0,0.14889844,1.0,0,combined
0,0.17490397,1.0,0,combined
0,0.1804942,1.0,0,combined
0,0.1813899,1.0,0,combined
0,0.183683,1.0,0,combined
0,0.18522705,1.0,0,combined
0,0.18685515,1.0,0,combined
0,0.18853658,1.0,0,combined
0,0.18894161,1.0,0,combined
0,0.17712584,1.0,0,combined
0,0.1795527,1.0,0,combined
0,0.18153585,1.0,0,combined
0,0.18221116,1.0,0,combined
0,0.18204807,1.0,0,combined
0,0.18054615,1.0,0,combined
0,0.17767967,1.0,0,combined
0,0.1755771,1.0,0,combined
0,0.17524323,1.0,0,combined
0,0.15390947,1.0,0,combined
0,0.1753188,1.0,0,combined
0,0.17438847,1.0,0,combined
0,0.17419016,1.0,0,combined
0,0.17404732,1.0,0,combined
0,0.17266999,1.0,0,combined
0,0.17198917,1.0,0,combined
0,0.172752,1.0,0,combined
0,0.17283328,1.0,0,combined
0,0.17236032,1.0,0,combined
0,0.17264888,1.0,0,combined
0,0.15813299,1.0,0,combined
0,0.17177156,1.0,0,combined
0,0.16985619,1.0,0,combined
0,0.16890578,1.0,0,combined
0,0.1700079,1.0,0,combined
0,0.17127334,1.0,0,combined
0,0.17257126,1.0,0,combined
0,0.17503329,1.0,0,combined
0,0.17647876,1.0,0,combined
0,0.17664212,1.0,0,combined
0,0.17667085,1.0,0,combined
0,0.16302931,1.0,0,combined
0,0.17614667,1.0,0,combined
0,0.17494382,1.0,0,combined
0,0.17487474,1.0,0,combined
0,0.17695576,1.0,0,combined
0,0.180103,1.0,0,combined
0,0.18046468,1.0,0,combined
0,0.1813623,1.0,0,combined
0,0.18475382,1.0,0,combined
0,0.18751714,1.0,0,combined
0,0.18846077,1.0,0,combined
0,0.1689043,1.0,0,combined
0,0.18809028,1.0,0,combined
0,0.18931942,1.0,0,combined
0,0.19170642,1.0,0,combined
0,0.1940607,1.0,0,combined
0,0.19443989,1.0,0,combined
0,0.19084181,1.0,0,combined
0,0.18616776,1.0,0,combined
0,0.18257211,1.0,0,combined
0,0.18009485,1.0,0,combined
0,0.17810255,1.0,0,combined
0,0.17274709,1.0,0,combined
0,0.1771034,1.0,0,combined
0,0.17875099,1.0,0,combined
0,0.18122385,1.0,0,combined
0,0.17983867,1.0,0,combined
0,0.17764363,1.0,0,combined
0,0.17698249,1.0,0,combined
0,0.17590258,1.0,0,combined
0,0.1755751,1.0,0,combined
0,0.17757416,1.0,0,combined
0,0.18161312,1.0,0,combined
0,0.17425783,1.0,0,combined
0,0.1849301,1.0,0,combined
0,0.18495081,1.0,0,combined
0,0.18278544,1.0,0,combined
0,0.18043828,1.0,0,combined
0,0.17876096,1.0,0,combined
0,0.17799398,1.0,0,combined
0,0.1790716,1.0,0,combined
0,0.17959017,1.0,0,combined
0,0.17914681,1.0,0,combined
0,0.17924747,1.0,0,combined
0,0.17383784,1.0,0,combined
0,0.17843772,1.0,0,combined
0,0.17759213,1.0,0,combined
0,0.17693275,1.0,0,combined
0,0.17795627,1.0,0,combined
0,0.18093346,1.0,0,combined
0,0.18329266,1.0,0,combined
0,0.18353964,1.0,0,combined
0,0.18250608,1.0,0,combined
0,0.18172549,1.0,0,combined
0,0.17947286,1.0,0,combined
0,0.17367843,1.0,0,combined
0,0.17810038,1.0,0,combined
0,0.1780282,1.0,0,combined
0,0.17802314,1.0,0,combined
0,0.1772027,1.0,0,combined
0,0.1760957,1.0,0,combined
0,0.17699501,1.0,0,combined
0,0.17678323,1.0,0,combined
0,0.17595202,1.0,0,combined
0,0.17605701,1.0,0,combined
0,0.17827894,1.0,0,combined
